1A-FE-34-9A-B1-71,1AFE349AB171,18-FE-34-9A-B1-71,18FE349AB171
1A-FE-34-9A-B1-71,1AFE349AB171,18-FE-34-9A-B1-71,18FE349AB171
1A-FE-34-9A-B1-71,1AFE349AB171,18-FE-34-9A-B1-71,18FE349AB171
1A-FE-34-9A-B1-71,1AFE349AB171,18-FE-34-9A-B1-71,18FE349AB171
1A-FE-34-9F-6D-30,1AFE349F6D30,18-FE-34-9F-6D-30,18FE349F6D30
1A-FE-34-FE-62-72,1AFE34FE6272,18-FE-34-FE-62-72,18FE34FE6272
1A-FE-34-A6-AB-8C,1AFE34A6AB8C,18-FE-34-A6-AB-8C,18FE34A6AB8C
1A-FE-34-A6-AB-90,1AFE34A6AB90,18-FE-34-A6-AB-90,18FE34A6AB90
1A-FE-34-A6-AB-94,1AFE34A6AB94,18-FE-34-A6-AB-94,18FE34A6AB94
1A-FE-34-A6-AB-9B,1AFE34A6AB9B,18-FE-34-A6-AB-9B,18FE34A6AB9B
1A-FE-34-A6-AB-9E,1AFE34A6AB9E,18-FE-34-A6-AB-9E,18FE34A6AB9E
1A-FE-34-A6-AB-A2,1AFE34A6ABA2,18-FE-34-A6-AB-A2,18FE34A6ABA2
1A-FE-34-A6-AB-8D,1AFE34A6AB8D,18-FE-34-A6-AB-8D,18FE34A6AB8D
1A-FE-34-A6-AB-91,1AFE34A6AB91,18-FE-34-A6-AB-91,18FE34A6AB91
1A-FE-34-A6-AB-95,1AFE34A6AB95,18-FE-34-A6-AB-95,18FE34A6AB95
1A-FE-34-A6-AB-98,1AFE34A6AB98,18-FE-34-A6-AB-98,18FE34A6AB98
1A-FE-34-A6-AB-9F,1AFE34A6AB9F,18-FE-34-A6-AB-9F,18FE34A6AB9F
1A-FE-34-A6-AB-A3,1AFE34A6ABA3,18-FE-34-A6-AB-A3,18FE34A6ABA3
1A-FE-34-A6-AB-8F,1AFE34A6AB8F,18-FE-34-A6-AB-8F,18FE34A6AB8F
1A-FE-34-A6-AB-93,1AFE34A6AB93,18-FE-34-A6-AB-93,18FE34A6AB93
1A-FE-34-A6-AB-97,1AFE34A6AB97,18-FE-34-A6-AB-97,18FE34A6AB97
1A-FE-34-A6-AB-9A,1AFE34A6AB9A,18-FE-34-A6-AB-9A,18FE34A6AB9A
1A-FE-34-A6-AB-A1,1AFE34A6ABA1,18-FE-34-A6-AB-A1,18FE34A6ABA1
1A-FE-34-A6-AB-A5,1AFE34A6ABA5,18-FE-34-A6-AB-A5,18FE34A6ABA5
1A-FE-34-A6-AB-8A,1AFE34A6AB8A,18-FE-34-A6-AB-8A,18FE34A6AB8A
1A-FE-34-A6-AB-8E,1AFE34A6AB8E,18-FE-34-A6-AB-8E,18FE34A6AB8E
1A-FE-34-A6-AB-92,1AFE34A6AB92,18-FE-34-A6-AB-92,18FE34A6AB92
1A-FE-34-A6-AB-96,1AFE34A6AB96,18-FE-34-A6-AB-96,18FE34A6AB96
1A-FE-34-A6-AB-9C,1AFE34A6AB9C,18-FE-34-A6-AB-9C,18FE34A6AB9C
1A-FE-34-A6-AB-A0,1AFE34A6ABA0,18-FE-34-A6-AB-A0,18FE34A6ABA0
1A-FE-34-A7-0B-FE,1AFE34A70BFE,18-FE-34-A7-0B-FE,18FE34A70BFE
1A-FE-34-A7-0B-FE,1AFE34A70BFE,18-FE-34-A7-0B-FE,18FE34A70BFE
1A-FE-34-A7-0B-FE,1AFE34A70BFE,18-FE-34-A7-0B-FE,18FE34A70BFE
1A-FE-34-A1-1B-D1,1AFE34A11BD1,18-FE-34-A1-1B-D1,18FE34A11BD1
1A-FE-34-A1-1B-D1,1AFE34A11BD1,18-FE-34-A1-1B-D1,18FE34A11BD1
1A-FE-34-A1-1B-D1,1AFE34A11BD1,18-FE-34-A1-1B-D1,18FE34A11BD1
1A-FE-34-A6-AB-6E,1AFE34A6AB6E,18-FE-34-A6-AB-6E,18FE34A6AB6E
1A-FE-34-A6-AB-6E,1AFE34A6AB6E,18-FE-34-A6-AB-6E,18FE34A6AB6E
1A-FE-34-A6-AB-6E,1AFE34A6AB6E,18-FE-34-A6-AB-6E,18FE34A6AB6E
1A-FE-34-A6-AB-6E,1AFE34A6AB6E,18-FE-34-A6-AB-6E,18FE34A6AB6E
1A-FE-34-A6-AA-FB,1AFE34A6AAFB,18-FE-34-A6-AA-FB,18FE34A6AAFB
1A-FE-34-A6-AA-34,1AFE34A6AA34,18-FE-34-A6-AA-34,18FE34A6AA34
1A-FE-34-A6-A5-2A,1AFE34A6A52A,18-FE-34-A6-A5-2A,18FE34A6A52A
1A-FE-34-A6-9F-F4,1AFE34A69FF4,18-FE-34-A6-9F-F4,18FE34A69FF4
1A-FE-34-A6-A0-0D,1AFE34A6A00D,18-FE-34-A6-A0-0D,18FE34A6A00D
1A-FE-34-A6-A7-24,1AFE34A6A724,18-FE-34-A6-A7-24,18FE34A6A724
1A-FE-34-A6-AA-EC,1AFE34A6AAEC,18-FE-34-A6-AA-EC,18FE34A6AAEC
1A-FE-34-A6-AD-2C,1AFE34A6AD2C,18-FE-34-A6-AD-2C,18FE34A6AD2C
1A-FE-34-A6-A5-2E,1AFE34A6A52E,18-FE-34-A6-A5-2E,18FE34A6A52E
1A-FE-34-A6-A5-2E,1AFE34A6A52E,18-FE-34-A6-A5-2E,18FE34A6A52E
1A-FE-34-A6-A5-DE,1AFE34A6A5DE,18-FE-34-A6-A5-DE,18FE34A6A5DE
1A-FE-34-A6-A5-DE,1AFE34A6A5DE,18-FE-34-A6-A5-DE,18FE34A6A5DE
1A-FE-34-A6-AB-6E,1AFE34A6AB6E,18-FE-34-A6-AB-6E,18FE34A6AB6E
1A-FE-34-A6-A5-79,1AFE34A6A579,18-FE-34-A6-A5-79,18FE34A6A579
1A-FE-34-A6-AA-FB,1AFE34A6AAFB,18-FE-34-A6-AA-FB,18FE34A6AAFB
1A-FE-34-A6-AA-FB,1AFE34A6AAFB,18-FE-34-A6-AA-FB,18FE34A6AAFB
1A-FE-34-A6-AA-FB,1AFE34A6AAFB,18-FE-34-A6-AA-FB,18FE34A6AAFB
1A-FE-34-A6-AA-FB,1AFE34A6AAFB,18-FE-34-A6-AA-FB,18FE34A6AAFB
1A-FE-34-A6-AA-FB,1AFE34A6AAFB,18-FE-34-A6-AA-FB,18FE34A6AAFB
1A-FE-34-A6-AA-FB,1AFE34A6AAFB,18-FE-34-A6-AA-FB,18FE34A6AAFB
1A-FE-34-FE-66-6C,1AFE34FE666C,18-FE-34-FE-66-6C,18FE34FE666C
1A-FE-34-FE-66-B8,1AFE34FE66B8,18-FE-34-FE-66-B8,18FE34FE66B8
1A-FE-34-FE-66-B8,1AFE34FE66B8,18-FE-34-FE-66-B8,18FE34FE66B8
1A-FE-34-FE-66-B8,1AFE34FE66B8,18-FE-34-FE-66-B8,18FE34FE66B8
1A-FE-34-FE-66-B8,1AFE34FE66B8,18-FE-34-FE-66-B8,18FE34FE66B8
1A-FE-34-A6-AA-FB,1AFE34A6AAFB,18-FE-34-A6-AA-FB,18FE34A6AAFB
1A-FE-34-F2-71-4A,1AFE34F2714A,18-FE-34-F2-71-4A,18FE34F2714A
1A-FE-34-F2-71-4A,1AFE34F2714A,18-FE-34-F2-71-4A,18FE34F2714A
1A-FE-34-F2-71-4A,1AFE34F2714A,18-FE-34-F2-71-4A,18FE34F2714A
1A-FE-34-F2-71-4A,1AFE34F2714A,18-FE-34-F2-71-4A,18FE34F2714A
1A-FE-34-F2-71-4A,1AFE34F2714A,18-FE-34-F2-71-4A,18FE34F2714A
1A-FE-34-F2-71-4A,1AFE34F2714A,18-FE-34-F2-71-4A,18FE34F2714A
1A-FE-34-F2-71-4A,1AFE34F2714A,18-FE-34-F2-71-4A,18FE34F2714A
1A-FE-34-F2-71-4A,1AFE34F2714A,18-FE-34-F2-71-4A,18FE34F2714A
1A-FE-34-F2-71-4A,1AFE34F2714A,18-FE-34-F2-71-4A,18FE34F2714A
1A-FE-34-F2-71-4A,1AFE34F2714A,18-FE-34-F2-71-4A,18FE34F2714A
1A-FE-34-F2-71-4A,1AFE34F2714A,18-FE-34-F2-71-4A,18FE34F2714A
1A-FE-34-F2-71-4A,1AFE34F2714A,18-FE-34-F2-71-4A,18FE34F2714A
1A-FE-34-F2-71-4A,1AFE34F2714A,18-FE-34-F2-71-4A,18FE34F2714A
1A-FE-34-F2-71-4A,1AFE34F2714A,18-FE-34-F2-71-4A,18FE34F2714A
1A-FE-34-F2-71-4A,1AFE34F2714A,18-FE-34-F2-71-4A,18FE34F2714A
1A-FE-34-F2-71-4A,1AFE34F2714A,18-FE-34-F2-71-4A,18FE34F2714A
1A-FE-34-F2-71-4A,1AFE34F2714A,18-FE-34-F2-71-4A,18FE34F2714A
1A-FE-34-F2-71-4A,1AFE34F2714A,18-FE-34-F2-71-4A,18FE34F2714A
1A-FE-34-F2-71-4A,1AFE34F2714A,18-FE-34-F2-71-4A,18FE34F2714A
1A-FE-34-F2-71-4A,1AFE34F2714A,18-FE-34-F2-71-4A,18FE34F2714A
1A-FE-34-F2-71-4A,1AFE34F2714A,18-FE-34-F2-71-4A,18FE34F2714A
1A-FE-34-F2-71-4A,1AFE34F2714A,18-FE-34-F2-71-4A,18FE34F2714A
1A-FE-34-F2-71-4A,1AFE34F2714A,18-FE-34-F2-71-4A,18FE34F2714A
1A-FE-34-F2-71-4A,1AFE34F2714A,18-FE-34-F2-71-4A,18FE34F2714A
1A-FE-34-F2-71-4A,1AFE34F2714A,18-FE-34-F2-71-4A,18FE34F2714A
1A-FE-34-F2-71-4A,1AFE34F2714A,18-FE-34-F2-71-4A,18FE34F2714A
1A-FE-34-F2-71-4A,1AFE34F2714A,18-FE-34-F2-71-4A,18FE34F2714A
1A-FE-34-F2-71-4A,1AFE34F2714A,18-FE-34-F2-71-4A,18FE34F2714A
1A-FE-34-F2-71-4A,1AFE34F2714A,18-FE-34-F2-71-4A,18FE34F2714A
1A-FE-34-F2-71-4A,1AFE34F2714A,18-FE-34-F2-71-4A,18FE34F2714A
1A-FE-34-F2-71-4A,1AFE34F2714A,18-FE-34-F2-71-4A,18FE34F2714A
1A-FE-34-F2-71-4A,1AFE34F2714A,18-FE-34-F2-71-4A,18FE34F2714A
1A-FE-34-F2-71-4A,1AFE34F2714A,18-FE-34-F2-71-4A,18FE34F2714A
1A-FE-34-F2-71-4A,1AFE34F2714A,18-FE-34-F2-71-4A,18FE34F2714A
1A-FE-34-F2-71-4A,1AFE34F2714A,18-FE-34-F2-71-4A,18FE34F2714A
1A-FE-34-F2-71-4A,1AFE34F2714A,18-FE-34-F2-71-4A,18FE34F2714A
1A-FE-34-F2-71-4A,1AFE34F2714A,18-FE-34-F2-71-4A,18FE34F2714A
1A-FE-34-F2-71-4A,1AFE34F2714A,18-FE-34-F2-71-4A,18FE34F2714A
1A-FE-34-F2-71-4A,1AFE34F2714A,18-FE-34-F2-71-4A,18FE34F2714A
1A-FE-34-F2-71-4A,1AFE34F2714A,18-FE-34-F2-71-4A,18FE34F2714A
1A-FE-34-F2-71-4A,1AFE34F2714A,18-FE-34-F2-71-4A,18FE34F2714A
1A-FE-34-F2-71-4A,1AFE34F2714A,18-FE-34-F2-71-4A,18FE34F2714A
1A-FE-34-F2-71-4A,1AFE34F2714A,18-FE-34-F2-71-4A,18FE34F2714A
1A-FE-34-F2-71-4A,1AFE34F2714A,18-FE-34-F2-71-4A,18FE34F2714A
1A-FE-34-F2-71-4A,1AFE34F2714A,18-FE-34-F2-71-4A,18FE34F2714A
1A-FE-34-F2-71-4A,1AFE34F2714A,18-FE-34-F2-71-4A,18FE34F2714A
1A-FE-34-F2-71-4A,1AFE34F2714A,18-FE-34-F2-71-4A,18FE34F2714A
1A-FE-34-F2-71-4A,1AFE34F2714A,18-FE-34-F2-71-4A,18FE34F2714A
1A-FE-34-F2-71-4A,1AFE34F2714A,18-FE-34-F2-71-4A,18FE34F2714A
1A-FE-34-F2-71-4A,1AFE34F2714A,18-FE-34-F2-71-4A,18FE34F2714A
1A-FE-34-F2-71-4A,1AFE34F2714A,18-FE-34-F2-71-4A,18FE34F2714A
1A-FE-34-F2-71-4A,1AFE34F2714A,18-FE-34-F2-71-4A,18FE34F2714A
1A-FE-34-F2-71-4A,1AFE34F2714A,18-FE-34-F2-71-4A,18FE34F2714A
1A-FE-34-F2-71-4A,1AFE34F2714A,18-FE-34-F2-71-4A,18FE34F2714A
1A-FE-34-F2-71-4A,1AFE34F2714A,18-FE-34-F2-71-4A,18FE34F2714A
1A-FE-34-F2-71-4A,1AFE34F2714A,18-FE-34-F2-71-4A,18FE34F2714A
1A-FE-34-F2-71-4A,1AFE34F2714A,18-FE-34-F2-71-4A,18FE34F2714A
1A-FE-34-F2-71-4A,1AFE34F2714A,18-FE-34-F2-71-4A,18FE34F2714A
1A-FE-34-F2-71-4A,1AFE34F2714A,18-FE-34-F2-71-4A,18FE34F2714A
1A-FE-34-F2-71-4A,1AFE34F2714A,18-FE-34-F2-71-4A,18FE34F2714A
1A-FE-34-F2-71-4A,1AFE34F2714A,18-FE-34-F2-71-4A,18FE34F2714A
1A-FE-34-F2-71-4A,1AFE34F2714A,18-FE-34-F2-71-4A,18FE34F2714A
1A-FE-34-F2-71-4A,1AFE34F2714A,18-FE-34-F2-71-4A,18FE34F2714A
1A-FE-34-F2-71-4A,1AFE34F2714A,18-FE-34-F2-71-4A,18FE34F2714A
1A-FE-34-F2-71-4A,1AFE34F2714A,18-FE-34-F2-71-4A,18FE34F2714A
1A-FE-34-F2-71-4A,1AFE34F2714A,18-FE-34-F2-71-4A,18FE34F2714A
1A-FE-34-F2-71-4A,1AFE34F2714A,18-FE-34-F2-71-4A,18FE34F2714A
1A-FE-34-F2-71-4A,1AFE34F2714A,18-FE-34-F2-71-4A,18FE34F2714A
1A-FE-34-F2-71-4A,1AFE34F2714A,18-FE-34-F2-71-4A,18FE34F2714A
1A-FE-34-F2-71-4A,1AFE34F2714A,18-FE-34-F2-71-4A,18FE34F2714A
1A-FE-34-F2-71-4A,1AFE34F2714A,18-FE-34-F2-71-4A,18FE34F2714A
1A-FE-34-F2-71-4A,1AFE34F2714A,18-FE-34-F2-71-4A,18FE34F2714A
1A-FE-34-F2-71-4A,1AFE34F2714A,18-FE-34-F2-71-4A,18FE34F2714A
1A-FE-34-F2-71-4A,1AFE34F2714A,18-FE-34-F2-71-4A,18FE34F2714A
1A-FE-34-F2-71-4A,1AFE34F2714A,18-FE-34-F2-71-4A,18FE34F2714A
1A-FE-34-F2-71-4A,1AFE34F2714A,18-FE-34-F2-71-4A,18FE34F2714A
1A-FE-34-F2-71-4A,1AFE34F2714A,18-FE-34-F2-71-4A,18FE34F2714A
1A-FE-34-F2-71-4A,1AFE34F2714A,18-FE-34-F2-71-4A,18FE34F2714A
1A-FE-34-F2-71-4A,1AFE34F2714A,18-FE-34-F2-71-4A,18FE34F2714A
1A-FE-34-F2-71-4A,1AFE34F2714A,18-FE-34-F2-71-4A,18FE34F2714A
1A-FE-34-F2-71-4A,1AFE34F2714A,18-FE-34-F2-71-4A,18FE34F2714A
1A-FE-34-F2-71-4A,1AFE34F2714A,18-FE-34-F2-71-4A,18FE34F2714A
1A-FE-34-F2-71-4A,1AFE34F2714A,18-FE-34-F2-71-4A,18FE34F2714A
1A-FE-34-F2-71-4A,1AFE34F2714A,18-FE-34-F2-71-4A,18FE34F2714A
1A-FE-34-F2-71-4A,1AFE34F2714A,18-FE-34-F2-71-4A,18FE34F2714A
1A-FE-34-F2-71-4A,1AFE34F2714A,18-FE-34-F2-71-4A,18FE34F2714A
1A-FE-34-F2-71-4A,1AFE34F2714A,18-FE-34-F2-71-4A,18FE34F2714A
1A-FE-34-F2-71-4A,1AFE34F2714A,18-FE-34-F2-71-4A,18FE34F2714A
1A-FE-34-F2-71-4A,1AFE34F2714A,18-FE-34-F2-71-4A,18FE34F2714A
1A-FE-34-F2-71-4A,1AFE34F2714A,18-FE-34-F2-71-4A,18FE34F2714A
1A-FE-34-F2-71-4A,1AFE34F2714A,18-FE-34-F2-71-4A,18FE34F2714A
1A-FE-34-F2-71-4A,1AFE34F2714A,18-FE-34-F2-71-4A,18FE34F2714A
1A-FE-34-F2-71-4A,1AFE34F2714A,18-FE-34-F2-71-4A,18FE34F2714A
1A-FE-34-F2-71-4A,1AFE34F2714A,18-FE-34-F2-71-4A,18FE34F2714A
1A-FE-34-F2-71-4A,1AFE34F2714A,18-FE-34-F2-71-4A,18FE34F2714A
1A-FE-34-F2-71-4A,1AFE34F2714A,18-FE-34-F2-71-4A,18FE34F2714A
1A-FE-34-F2-71-4A,1AFE34F2714A,18-FE-34-F2-71-4A,18FE34F2714A
1A-FE-34-F2-71-4A,1AFE34F2714A,18-FE-34-F2-71-4A,18FE34F2714A
1A-FE-34-F2-71-4A,1AFE34F2714A,18-FE-34-F2-71-4A,18FE34F2714A
1A-FE-34-F2-71-4A,1AFE34F2714A,18-FE-34-F2-71-4A,18FE34F2714A
1A-FE-34-F2-71-4A,1AFE34F2714A,18-FE-34-F2-71-4A,18FE34F2714A
1A-FE-34-F2-71-4A,1AFE34F2714A,18-FE-34-F2-71-4A,18FE34F2714A
1A-FE-34-F2-71-4A,1AFE34F2714A,18-FE-34-F2-71-4A,18FE34F2714A
1A-FE-34-F2-71-4A,1AFE34F2714A,18-FE-34-F2-71-4A,18FE34F2714A
1A-FE-34-F2-71-4A,1AFE34F2714A,18-FE-34-F2-71-4A,18FE34F2714A
1A-FE-34-F2-71-4A,1AFE34F2714A,18-FE-34-F2-71-4A,18FE34F2714A
1A-FE-34-F2-71-4A,1AFE34F2714A,18-FE-34-F2-71-4A,18FE34F2714A
1A-FE-34-F2-71-4A,1AFE34F2714A,18-FE-34-F2-71-4A,18FE34F2714A
1A-FE-34-F2-71-4A,1AFE34F2714A,18-FE-34-F2-71-4A,18FE34F2714A
1A-FE-34-F2-71-4A,1AFE34F2714A,18-FE-34-F2-71-4A,18FE34F2714A
1A-FE-34-F2-71-4A,1AFE34F2714A,18-FE-34-F2-71-4A,18FE34F2714A
1A-FE-34-F2-71-4A,1AFE34F2714A,18-FE-34-F2-71-4A,18FE34F2714A
1A-FE-34-F2-71-4A,1AFE34F2714A,18-FE-34-F2-71-4A,18FE34F2714A
1A-FE-34-F2-71-4A,1AFE34F2714A,18-FE-34-F2-71-4A,18FE34F2714A
1A-FE-34-F2-71-4A,1AFE34F2714A,18-FE-34-F2-71-4A,18FE34F2714A
1A-FE-34-F2-71-4A,1AFE34F2714A,18-FE-34-F2-71-4A,18FE34F2714A
1A-FE-34-F2-71-4A,1AFE34F2714A,18-FE-34-F2-71-4A,18FE34F2714A
1A-FE-34-F2-71-4A,1AFE34F2714A,18-FE-34-F2-71-4A,18FE34F2714A
1A-FE-34-F2-71-4A,1AFE34F2714A,18-FE-34-F2-71-4A,18FE34F2714A
1A-FE-34-F2-71-4A,1AFE34F2714A,18-FE-34-F2-71-4A,18FE34F2714A
1A-FE-34-F2-71-4A,1AFE34F2714A,18-FE-34-F2-71-4A,18FE34F2714A
1A-FE-34-F2-71-4A,1AFE34F2714A,18-FE-34-F2-71-4A,18FE34F2714A
1A-FE-34-F2-71-4A,1AFE34F2714A,18-FE-34-F2-71-4A,18FE34F2714A
1A-FE-34-F2-71-4A,1AFE34F2714A,18-FE-34-F2-71-4A,18FE34F2714A
1A-FE-34-F2-71-4A,1AFE34F2714A,18-FE-34-F2-71-4A,18FE34F2714A
1A-FE-34-F2-71-4A,1AFE34F2714A,18-FE-34-F2-71-4A,18FE34F2714A
1A-FE-34-F2-5E-E0,1AFE34F25EE0,18-FE-34-F2-5E-E0,18FE34F25EE0
1A-FE-34-F2-71-4A,1AFE34F2714A,18-FE-34-F2-71-4A,18FE34F2714A
1A-FE-34-F2-71-4A,1AFE34F2714A,18-FE-34-F2-71-4A,18FE34F2714A
1A-FE-34-F2-71-4A,1AFE34F2714A,18-FE-34-F2-71-4A,18FE34F2714A
1A-FE-34-F2-71-4A,1AFE34F2714A,18-FE-34-F2-71-4A,18FE34F2714A
1A-FE-34-F2-71-4A,1AFE34F2714A,18-FE-34-F2-71-4A,18FE34F2714A
1A-FE-34-F2-71-4A,1AFE34F2714A,18-FE-34-F2-71-4A,18FE34F2714A
1A-FE-34-F2-71-4A,1AFE34F2714A,18-FE-34-F2-71-4A,18FE34F2714A
1A-FE-34-F2-71-4A,1AFE34F2714A,18-FE-34-F2-71-4A,18FE34F2714A
1A-FE-34-F2-71-4A,1AFE34F2714A,18-FE-34-F2-71-4A,18FE34F2714A
1A-FE-34-F2-71-4A,1AFE34F2714A,18-FE-34-F2-71-4A,18FE34F2714A
1A-FE-34-F2-71-4A,1AFE34F2714A,18-FE-34-F2-71-4A,18FE34F2714A
1A-FE-34-F2-71-4A,1AFE34F2714A,18-FE-34-F2-71-4A,18FE34F2714A
1A-FE-34-F2-71-4A,1AFE34F2714A,18-FE-34-F2-71-4A,18FE34F2714A
1A-FE-34-F2-71-4A,1AFE34F2714A,18-FE-34-F2-71-4A,18FE34F2714A
1A-FE-34-F2-71-4A,1AFE34F2714A,18-FE-34-F2-71-4A,18FE34F2714A
1A-FE-34-F2-71-4A,1AFE34F2714A,18-FE-34-F2-71-4A,18FE34F2714A
1A-FE-34-F2-71-4A,1AFE34F2714A,18-FE-34-F2-71-4A,18FE34F2714A
1A-FE-34-F2-71-4A,1AFE34F2714A,18-FE-34-F2-71-4A,18FE34F2714A
1A-FE-34-F2-71-4A,1AFE34F2714A,18-FE-34-F2-71-4A,18FE34F2714A
1A-FE-34-F2-71-4A,1AFE34F2714A,18-FE-34-F2-71-4A,18FE34F2714A
1A-FE-34-F2-71-4A,1AFE34F2714A,18-FE-34-F2-71-4A,18FE34F2714A
1A-FE-34-F2-71-4A,1AFE34F2714A,18-FE-34-F2-71-4A,18FE34F2714A
1A-FE-34-F2-71-4A,1AFE34F2714A,18-FE-34-F2-71-4A,18FE34F2714A
1A-FE-34-F2-71-4A,1AFE34F2714A,18-FE-34-F2-71-4A,18FE34F2714A
1A-FE-34-F2-71-4A,1AFE34F2714A,18-FE-34-F2-71-4A,18FE34F2714A
1A-FE-34-F2-71-4A,1AFE34F2714A,18-FE-34-F2-71-4A,18FE34F2714A
1A-FE-34-F2-71-4A,1AFE34F2714A,18-FE-34-F2-71-4A,18FE34F2714A
1A-FE-34-F2-71-4A,1AFE34F2714A,18-FE-34-F2-71-4A,18FE34F2714A
1A-FE-34-F2-71-4A,1AFE34F2714A,18-FE-34-F2-71-4A,18FE34F2714A
1A-FE-34-F2-71-4A,1AFE34F2714A,18-FE-34-F2-71-4A,18FE34F2714A
1A-FE-34-F2-71-4A,1AFE34F2714A,18-FE-34-F2-71-4A,18FE34F2714A
1A-FE-34-F2-71-4A,1AFE34F2714A,18-FE-34-F2-71-4A,18FE34F2714A
1A-FE-34-F2-71-4A,1AFE34F2714A,18-FE-34-F2-71-4A,18FE34F2714A
1A-FE-34-F2-71-4A,1AFE34F2714A,18-FE-34-F2-71-4A,18FE34F2714A
1A-FE-34-F2-71-4A,1AFE34F2714A,18-FE-34-F2-71-4A,18FE34F2714A
1A-FE-34-F2-71-4A,1AFE34F2714A,18-FE-34-F2-71-4A,18FE34F2714A
1A-FE-34-F2-71-4A,1AFE34F2714A,18-FE-34-F2-71-4A,18FE34F2714A
1A-FE-34-F2-71-4A,1AFE34F2714A,18-FE-34-F2-71-4A,18FE34F2714A
1A-FE-34-F2-71-4A,1AFE34F2714A,18-FE-34-F2-71-4A,18FE34F2714A
1A-FE-34-F2-71-4A,1AFE34F2714A,18-FE-34-F2-71-4A,18FE34F2714A
1A-FE-34-F2-71-4A,1AFE34F2714A,18-FE-34-F2-71-4A,18FE34F2714A
1A-FE-34-F2-71-4A,1AFE34F2714A,18-FE-34-F2-71-4A,18FE34F2714A
1A-FE-34-F2-71-4A,1AFE34F2714A,18-FE-34-F2-71-4A,18FE34F2714A
1A-FE-34-F2-71-4A,1AFE34F2714A,18-FE-34-F2-71-4A,18FE34F2714A
1A-FE-34-F2-71-4A,1AFE34F2714A,18-FE-34-F2-71-4A,18FE34F2714A
1A-FE-34-F2-71-4A,1AFE34F2714A,18-FE-34-F2-71-4A,18FE34F2714A
1A-FE-34-F2-71-4A,1AFE34F2714A,18-FE-34-F2-71-4A,18FE34F2714A
1A-FE-34-F2-71-4A,1AFE34F2714A,18-FE-34-F2-71-4A,18FE34F2714A
1A-FE-34-F2-71-4A,1AFE34F2714A,18-FE-34-F2-71-4A,18FE34F2714A
1A-FE-34-F2-71-4A,1AFE34F2714A,18-FE-34-F2-71-4A,18FE34F2714A
1A-FE-34-F2-71-4A,1AFE34F2714A,18-FE-34-F2-71-4A,18FE34F2714A
1A-FE-34-F2-71-4A,1AFE34F2714A,18-FE-34-F2-71-4A,18FE34F2714A
1A-FE-34-F2-71-4A,1AFE34F2714A,18-FE-34-F2-71-4A,18FE34F2714A
1A-FE-34-F2-71-4A,1AFE34F2714A,18-FE-34-F2-71-4A,18FE34F2714A
1A-FE-34-F2-71-4A,1AFE34F2714A,18-FE-34-F2-71-4A,18FE34F2714A
1A-FE-34-F2-71-4A,1AFE34F2714A,18-FE-34-F2-71-4A,18FE34F2714A
1A-FE-34-F2-71-4A,1AFE34F2714A,18-FE-34-F2-71-4A,18FE34F2714A
1A-FE-34-F2-71-4A,1AFE34F2714A,18-FE-34-F2-71-4A,18FE34F2714A
1A-FE-34-F2-71-4A,1AFE34F2714A,18-FE-34-F2-71-4A,18FE34F2714A
1A-FE-34-F2-71-4A,1AFE34F2714A,18-FE-34-F2-71-4A,18FE34F2714A
1A-FE-34-F2-71-4A,1AFE34F2714A,18-FE-34-F2-71-4A,18FE34F2714A
1A-FE-34-F2-71-4A,1AFE34F2714A,18-FE-34-F2-71-4A,18FE34F2714A
1A-FE-34-F2-71-4A,1AFE34F2714A,18-FE-34-F2-71-4A,18FE34F2714A
1A-FE-34-F2-71-4A,1AFE34F2714A,18-FE-34-F2-71-4A,18FE34F2714A
1A-FE-34-F2-71-4A,1AFE34F2714A,18-FE-34-F2-71-4A,18FE34F2714A
1A-FE-34-F2-71-4A,1AFE34F2714A,18-FE-34-F2-71-4A,18FE34F2714A
1A-FE-34-F2-71-4A,1AFE34F2714A,18-FE-34-F2-71-4A,18FE34F2714A
1A-FE-34-F2-71-4A,1AFE34F2714A,18-FE-34-F2-71-4A,18FE34F2714A
1A-FE-34-F2-71-4A,1AFE34F2714A,18-FE-34-F2-71-4A,18FE34F2714A
1A-FE-34-F2-71-4A,1AFE34F2714A,18-FE-34-F2-71-4A,18FE34F2714A
1A-FE-34-F2-71-4A,1AFE34F2714A,18-FE-34-F2-71-4A,18FE34F2714A
1A-FE-34-F2-71-4A,1AFE34F2714A,18-FE-34-F2-71-4A,18FE34F2714A
1A-FE-34-F2-71-4A,1AFE34F2714A,18-FE-34-F2-71-4A,18FE34F2714A
1A-FE-34-F2-71-4A,1AFE34F2714A,18-FE-34-F2-71-4A,18FE34F2714A
1A-FE-34-F2-71-4A,1AFE34F2714A,18-FE-34-F2-71-4A,18FE34F2714A
1A-FE-34-F2-71-4A,1AFE34F2714A,18-FE-34-F2-71-4A,18FE34F2714A
1A-FE-34-F2-71-4A,1AFE34F2714A,18-FE-34-F2-71-4A,18FE34F2714A
1A-FE-34-F2-71-4A,1AFE34F2714A,18-FE-34-F2-71-4A,18FE34F2714A
1A-FE-34-F2-71-4A,1AFE34F2714A,18-FE-34-F2-71-4A,18FE34F2714A
1A-FE-34-F2-71-4A,1AFE34F2714A,18-FE-34-F2-71-4A,18FE34F2714A
1A-FE-34-F2-71-4A,1AFE34F2714A,18-FE-34-F2-71-4A,18FE34F2714A
1A-FE-34-F2-71-4A,1AFE34F2714A,18-FE-34-F2-71-4A,18FE34F2714A
1A-FE-34-F2-71-4A,1AFE34F2714A,18-FE-34-F2-71-4A,18FE34F2714A
1A-FE-34-F2-71-4A,1AFE34F2714A,18-FE-34-F2-71-4A,18FE34F2714A
1A-FE-34-F2-71-4A,1AFE34F2714A,18-FE-34-F2-71-4A,18FE34F2714A
1A-FE-34-F2-71-4A,1AFE34F2714A,18-FE-34-F2-71-4A,18FE34F2714A
1A-FE-34-F2-71-4A,1AFE34F2714A,18-FE-34-F2-71-4A,18FE34F2714A
1A-FE-34-F2-71-4A,1AFE34F2714A,18-FE-34-F2-71-4A,18FE34F2714A
1A-FE-34-F2-71-4A,1AFE34F2714A,18-FE-34-F2-71-4A,18FE34F2714A
1A-FE-34-F2-71-4A,1AFE34F2714A,18-FE-34-F2-71-4A,18FE34F2714A
1A-FE-34-F2-71-4A,1AFE34F2714A,18-FE-34-F2-71-4A,18FE34F2714A
1A-FE-34-F2-71-4A,1AFE34F2714A,18-FE-34-F2-71-4A,18FE34F2714A
1A-FE-34-F2-71-4A,1AFE34F2714A,18-FE-34-F2-71-4A,18FE34F2714A
1A-FE-34-F2-71-4A,1AFE34F2714A,18-FE-34-F2-71-4A,18FE34F2714A
1A-FE-34-F2-71-4A,1AFE34F2714A,18-FE-34-F2-71-4A,18FE34F2714A
1A-FE-34-F2-71-4A,1AFE34F2714A,18-FE-34-F2-71-4A,18FE34F2714A
1A-FE-34-F2-71-4A,1AFE34F2714A,18-FE-34-F2-71-4A,18FE34F2714A
1A-FE-34-F2-71-4A,1AFE34F2714A,18-FE-34-F2-71-4A,18FE34F2714A
1A-FE-34-F2-71-4A,1AFE34F2714A,18-FE-34-F2-71-4A,18FE34F2714A
1A-FE-34-F2-71-4A,1AFE34F2714A,18-FE-34-F2-71-4A,18FE34F2714A
1A-FE-34-F2-71-4A,1AFE34F2714A,18-FE-34-F2-71-4A,18FE34F2714A
1A-FE-34-F2-71-4A,1AFE34F2714A,18-FE-34-F2-71-4A,18FE34F2714A
1A-FE-34-F2-71-4A,1AFE34F2714A,18-FE-34-F2-71-4A,18FE34F2714A
1A-FE-34-F2-71-4A,1AFE34F2714A,18-FE-34-F2-71-4A,18FE34F2714A
1A-FE-34-F2-71-4A,1AFE34F2714A,18-FE-34-F2-71-4A,18FE34F2714A
1A-FE-34-F2-71-4A,1AFE34F2714A,18-FE-34-F2-71-4A,18FE34F2714A
1A-FE-34-F2-71-4A,1AFE34F2714A,18-FE-34-F2-71-4A,18FE34F2714A
1A-FE-34-F2-71-4A,1AFE34F2714A,18-FE-34-F2-71-4A,18FE34F2714A
1A-FE-34-F2-71-4A,1AFE34F2714A,18-FE-34-F2-71-4A,18FE34F2714A
1A-FE-34-F2-71-4A,1AFE34F2714A,18-FE-34-F2-71-4A,18FE34F2714A
1A-FE-34-F2-71-4A,1AFE34F2714A,18-FE-34-F2-71-4A,18FE34F2714A
1A-FE-34-F2-71-4A,1AFE34F2714A,18-FE-34-F2-71-4A,18FE34F2714A
1A-FE-34-F2-71-4A,1AFE34F2714A,18-FE-34-F2-71-4A,18FE34F2714A
1A-FE-34-F2-71-4A,1AFE34F2714A,18-FE-34-F2-71-4A,18FE34F2714A
1A-FE-34-F2-71-4A,1AFE34F2714A,18-FE-34-F2-71-4A,18FE34F2714A
1A-FE-34-F2-71-4A,1AFE34F2714A,18-FE-34-F2-71-4A,18FE34F2714A
1A-FE-34-F2-71-4A,1AFE34F2714A,18-FE-34-F2-71-4A,18FE34F2714A
1A-FE-34-F2-71-4A,1AFE34F2714A,18-FE-34-F2-71-4A,18FE34F2714A
1A-FE-34-F2-71-4A,1AFE34F2714A,18-FE-34-F2-71-4A,18FE34F2714A
1A-FE-34-F2-71-4A,1AFE34F2714A,18-FE-34-F2-71-4A,18FE34F2714A
1A-FE-34-F2-71-4A,1AFE34F2714A,18-FE-34-F2-71-4A,18FE34F2714A
1A-FE-34-F2-71-4A,1AFE34F2714A,18-FE-34-F2-71-4A,18FE34F2714A
1A-FE-34-F2-71-4A,1AFE34F2714A,18-FE-34-F2-71-4A,18FE34F2714A
1A-FE-34-F2-71-4A,1AFE34F2714A,18-FE-34-F2-71-4A,18FE34F2714A
1A-FE-34-F2-71-4A,1AFE34F2714A,18-FE-34-F2-71-4A,18FE34F2714A
1A-FE-34-F2-71-4A,1AFE34F2714A,18-FE-34-F2-71-4A,18FE34F2714A
1A-FE-34-F2-71-4A,1AFE34F2714A,18-FE-34-F2-71-4A,18FE34F2714A
1A-FE-34-F2-71-4A,1AFE34F2714A,18-FE-34-F2-71-4A,18FE34F2714A
1A-FE-34-F2-71-4A,1AFE34F2714A,18-FE-34-F2-71-4A,18FE34F2714A
1A-FE-34-F2-71-4A,1AFE34F2714A,18-FE-34-F2-71-4A,18FE34F2714A
1A-FE-34-F2-71-4A,1AFE34F2714A,18-FE-34-F2-71-4A,18FE34F2714A
1A-FE-34-F2-71-4A,1AFE34F2714A,18-FE-34-F2-71-4A,18FE34F2714A
1A-FE-34-F2-71-4A,1AFE34F2714A,18-FE-34-F2-71-4A,18FE34F2714A
1A-FE-34-F2-71-4A,1AFE34F2714A,18-FE-34-F2-71-4A,18FE34F2714A
1A-FE-34-F2-71-4A,1AFE34F2714A,18-FE-34-F2-71-4A,18FE34F2714A
1A-FE-34-F2-71-4A,1AFE34F2714A,18-FE-34-F2-71-4A,18FE34F2714A
1A-FE-34-F2-71-4A,1AFE34F2714A,18-FE-34-F2-71-4A,18FE34F2714A
1A-FE-34-F2-71-4A,1AFE34F2714A,18-FE-34-F2-71-4A,18FE34F2714A
1A-FE-34-F2-71-4A,1AFE34F2714A,18-FE-34-F2-71-4A,18FE34F2714A
1A-FE-34-F2-71-4A,1AFE34F2714A,18-FE-34-F2-71-4A,18FE34F2714A
1A-FE-34-F2-71-4A,1AFE34F2714A,18-FE-34-F2-71-4A,18FE34F2714A
1A-FE-34-F2-5E-E0,1AFE34F25EE0,18-FE-34-F2-5E-E0,18FE34F25EE0
1A-FE-34-F2-71-4A,1AFE34F2714A,18-FE-34-F2-71-4A,18FE34F2714A
1A-FE-34-F2-71-4A,1AFE34F2714A,18-FE-34-F2-71-4A,18FE34F2714A
1A-FE-34-F2-71-4A,1AFE34F2714A,18-FE-34-F2-71-4A,18FE34F2714A
1A-FE-34-F2-71-4A,1AFE34F2714A,18-FE-34-F2-71-4A,18FE34F2714A
1A-FE-34-F2-71-4A,1AFE34F2714A,18-FE-34-F2-71-4A,18FE34F2714A
1A-FE-34-F2-71-4A,1AFE34F2714A,18-FE-34-F2-71-4A,18FE34F2714A
1A-FE-34-F2-71-4A,1AFE34F2714A,18-FE-34-F2-71-4A,18FE34F2714A
1A-FE-34-F2-71-4A,1AFE34F2714A,18-FE-34-F2-71-4A,18FE34F2714A
1A-FE-34-F2-71-4A,1AFE34F2714A,18-FE-34-F2-71-4A,18FE34F2714A
1A-FE-34-F2-71-4A,1AFE34F2714A,18-FE-34-F2-71-4A,18FE34F2714A
1A-FE-34-F2-71-4A,1AFE34F2714A,18-FE-34-F2-71-4A,18FE34F2714A
1A-FE-34-F2-71-4A,1AFE34F2714A,18-FE-34-F2-71-4A,18FE34F2714A
1A-FE-34-F2-71-4A,1AFE34F2714A,18-FE-34-F2-71-4A,18FE34F2714A
1A-FE-34-F2-71-4A,1AFE34F2714A,18-FE-34-F2-71-4A,18FE34F2714A
1A-FE-34-F2-71-4A,1AFE34F2714A,18-FE-34-F2-71-4A,18FE34F2714A
1A-FE-34-F2-71-4A,1AFE34F2714A,18-FE-34-F2-71-4A,18FE34F2714A
1A-FE-34-F2-71-4A,1AFE34F2714A,18-FE-34-F2-71-4A,18FE34F2714A
1A-FE-34-F2-71-4A,1AFE34F2714A,18-FE-34-F2-71-4A,18FE34F2714A
1A-FE-34-F2-71-4A,1AFE34F2714A,18-FE-34-F2-71-4A,18FE34F2714A
1A-FE-34-F2-71-4A,1AFE34F2714A,18-FE-34-F2-71-4A,18FE34F2714A
1A-FE-34-F2-71-4A,1AFE34F2714A,18-FE-34-F2-71-4A,18FE34F2714A
1A-FE-34-F2-71-4A,1AFE34F2714A,18-FE-34-F2-71-4A,18FE34F2714A
1A-FE-34-F2-71-4A,1AFE34F2714A,18-FE-34-F2-71-4A,18FE34F2714A
1A-FE-34-F2-71-4A,1AFE34F2714A,18-FE-34-F2-71-4A,18FE34F2714A
1A-FE-34-F2-71-4A,1AFE34F2714A,18-FE-34-F2-71-4A,18FE34F2714A
1A-FE-34-F2-71-4A,1AFE34F2714A,18-FE-34-F2-71-4A,18FE34F2714A
1A-FE-34-F2-71-4A,1AFE34F2714A,18-FE-34-F2-71-4A,18FE34F2714A
1A-FE-34-F2-71-4A,1AFE34F2714A,18-FE-34-F2-71-4A,18FE34F2714A
1A-FE-34-F2-71-4A,1AFE34F2714A,18-FE-34-F2-71-4A,18FE34F2714A
1A-FE-34-F2-71-4A,1AFE34F2714A,18-FE-34-F2-71-4A,18FE34F2714A
1A-FE-34-F2-71-4A,1AFE34F2714A,18-FE-34-F2-71-4A,18FE34F2714A
1A-FE-34-F2-71-4A,1AFE34F2714A,18-FE-34-F2-71-4A,18FE34F2714A
1A-FE-34-F2-71-4A,1AFE34F2714A,18-FE-34-F2-71-4A,18FE34F2714A
1A-FE-34-F2-71-4A,1AFE34F2714A,18-FE-34-F2-71-4A,18FE34F2714A
1A-FE-34-F2-71-4A,1AFE34F2714A,18-FE-34-F2-71-4A,18FE34F2714A
1A-FE-34-F2-71-4A,1AFE34F2714A,18-FE-34-F2-71-4A,18FE34F2714A
1A-FE-34-F2-71-4A,1AFE34F2714A,18-FE-34-F2-71-4A,18FE34F2714A
1A-FE-34-F2-71-4A,1AFE34F2714A,18-FE-34-F2-71-4A,18FE34F2714A
1A-FE-34-F2-71-4A,1AFE34F2714A,18-FE-34-F2-71-4A,18FE34F2714A
1A-FE-34-F2-71-4A,1AFE34F2714A,18-FE-34-F2-71-4A,18FE34F2714A
1A-FE-34-F2-71-4A,1AFE34F2714A,18-FE-34-F2-71-4A,18FE34F2714A
1A-FE-34-F2-71-4A,1AFE34F2714A,18-FE-34-F2-71-4A,18FE34F2714A
1A-FE-34-F2-71-4A,1AFE34F2714A,18-FE-34-F2-71-4A,18FE34F2714A
1A-FE-34-F2-71-4A,1AFE34F2714A,18-FE-34-F2-71-4A,18FE34F2714A
1A-FE-34-F2-71-4A,1AFE34F2714A,18-FE-34-F2-71-4A,18FE34F2714A
1A-FE-34-F2-71-4A,1AFE34F2714A,18-FE-34-F2-71-4A,18FE34F2714A
1A-FE-34-F2-71-4A,1AFE34F2714A,18-FE-34-F2-71-4A,18FE34F2714A
1A-FE-34-F2-71-4A,1AFE34F2714A,18-FE-34-F2-71-4A,18FE34F2714A
1A-FE-34-F2-71-4A,1AFE34F2714A,18-FE-34-F2-71-4A,18FE34F2714A
1A-FE-34-F2-71-4A,1AFE34F2714A,18-FE-34-F2-71-4A,18FE34F2714A
1A-FE-34-F2-71-4A,1AFE34F2714A,18-FE-34-F2-71-4A,18FE34F2714A
1A-FE-34-0A-39-DB,1AFE340A39DB,18-FE-34-0A-39-DB,18FE340A39DB
1A-FE-34-0A-39-DB,1AFE340A39DB,18-FE-34-0A-39-DB,18FE340A39DB
1A-FE-34-0A-39-DB,1AFE340A39DB,18-FE-34-0A-39-DB,18FE340A39DB
1A-FE-34-0A-3B-32,1AFE340A3B32,18-FE-34-0A-3B-32,18FE340A3B32
1A-FE-34-04-C6-9F,1AFE3404C69F,18-FE-34-04-C6-9F,18FE3404C69F
1A-FE-34-04-C3-DE,1AFE3404C3DE,18-FE-34-04-C3-DE,18FE3404C3DE
1A-FE-34-04-C3-DE,1AFE3404C3DE,18-FE-34-04-C3-DE,18FE3404C3DE
1A-FE-34-04-C3-DE,1AFE3404C3DE,18-FE-34-04-C3-DE,18FE3404C3DE
1A-FE-34-04-C3-DE,1AFE3404C3DE,18-FE-34-04-C3-DE,18FE3404C3DE
1A-FE-34-04-C3-DE,1AFE3404C3DE,18-FE-34-04-C3-DE,18FE3404C3DE
1A-FE-34-04-C3-DE,1AFE3404C3DE,18-FE-34-04-C3-DE,18FE3404C3DE
1A-FE-34-04-C3-DE,1AFE3404C3DE,18-FE-34-04-C3-DE,18FE3404C3DE
1A-FE-34-0F-23-49,1AFE340F2349,18-FE-34-0F-23-49,18FE340F2349
1A-FE-34-0F-23-49,1AFE340F2349,18-FE-34-0F-23-49,18FE340F2349
1A-FE-34-0F-1B-36,1AFE340F1B36,18-FE-34-0F-1B-36,18FE340F1B36
1A-FE-34-0F-25-08,1AFE340F2508,18-FE-34-0F-25-08,18FE340F2508
1A-FE-34-F2-71-4A,1AFE34F2714A,18-FE-34-F2-71-4A,18FE34F2714A
1A-FE-34-F2-71-4A,1AFE34F2714A,18-FE-34-F2-71-4A,18FE34F2714A
1A-FE-34-0F-25-08,1AFE340F2508,18-FE-34-0F-25-08,18FE340F2508
1A-FE-34-0F-25-08,1AFE340F2508,18-FE-34-0F-25-08,18FE340F2508
1A-FE-34-0F-25-08,1AFE340F2508,18-FE-34-0F-25-08,18FE340F2508
1A-FE-34-0F-25-08,1AFE340F2508,18-FE-34-0F-25-08,18FE340F2508
1A-FE-34-0F-20-3F,1AFE340F203F,18-FE-34-0F-20-3F,18FE340F203F
1A-FE-34-0F-20-3F,1AFE340F203F,18-FE-34-0F-20-3F,18FE340F203F
1A-FE-34-0F-20-3F,1AFE340F203F,18-FE-34-0F-20-3F,18FE340F203F
1A-FE-34-0F-20-3F,1AFE340F203F,18-FE-34-0F-20-3F,18FE340F203F
1A-FE-34-0F-20-3F,1AFE340F203F,18-FE-34-0F-20-3F,18FE340F203F
1A-FE-34-0F-20-3F,1AFE340F203F,18-FE-34-0F-20-3F,18FE340F203F
1A-FE-34-0F-20-3F,1AFE340F203F,18-FE-34-0F-20-3F,18FE340F203F
1A-FE-34-0F-20-3F,1AFE340F203F,18-FE-34-0F-20-3F,18FE340F203F
1A-FE-34-0F-20-3F,1AFE340F203F,18-FE-34-0F-20-3F,18FE340F203F
1A-FE-34-0F-20-3F,1AFE340F203F,18-FE-34-0F-20-3F,18FE340F203F
1A-FE-34-0F-20-3F,1AFE340F203F,18-FE-34-0F-20-3F,18FE340F203F
1A-FE-34-0F-20-3F,1AFE340F203F,18-FE-34-0F-20-3F,18FE340F203F
1A-FE-34-0F-20-3F,1AFE340F203F,18-FE-34-0F-20-3F,18FE340F203F
1A-FE-34-0F-20-3F,1AFE340F203F,18-FE-34-0F-20-3F,18FE340F203F
1A-FE-34-0F-20-3F,1AFE340F203F,18-FE-34-0F-20-3F,18FE340F203F
1A-FE-34-0F-20-3F,1AFE340F203F,18-FE-34-0F-20-3F,18FE340F203F
1A-FE-34-0F-24-EC,1AFE340F24EC,18-FE-34-0F-24-EC,18FE340F24EC
1A-FE-34-0F-1B-36,1AFE340F1B36,18-FE-34-0F-1B-36,18FE340F1B36
1A-FE-34-0F-24-EC,1AFE340F24EC,18-FE-34-0F-24-EC,18FE340F24EC
1A-FE-34-0F-24-EC,1AFE340F24EC,18-FE-34-0F-24-EC,18FE340F24EC
1A-FE-34-0F-24-EC,1AFE340F24EC,18-FE-34-0F-24-EC,18FE340F24EC
1A-FE-34-0F-1B-36,1AFE340F1B36,18-FE-34-0F-1B-36,18FE340F1B36
1A-FE-34-0F-1B-36,1AFE340F1B36,18-FE-34-0F-1B-36,18FE340F1B36
1A-FE-34-0F-1B-36,1AFE340F1B36,18-FE-34-0F-1B-36,18FE340F1B36
1A-FE-34-0F-1B-36,1AFE340F1B36,18-FE-34-0F-1B-36,18FE340F1B36
1A-FE-34-0F-1B-36,1AFE340F1B36,18-FE-34-0F-1B-36,18FE340F1B36
1A-FE-34-0F-1B-36,1AFE340F1B36,18-FE-34-0F-1B-36,18FE340F1B36
1A-FE-34-0F-1B-36,1AFE340F1B36,18-FE-34-0F-1B-36,18FE340F1B36
1A-FE-34-0F-22-0C,1AFE340F220C,18-FE-34-0F-22-0C,18FE340F220C
1A-FE-34-0F-1B-91,1AFE340F1B91,18-FE-34-0F-1B-91,18FE340F1B91
1A-FE-34-0F-1B-91,1AFE340F1B91,18-FE-34-0F-1B-91,18FE340F1B91
1A-FE-34-0F-22-0C,1AFE340F220C,18-FE-34-0F-22-0C,18FE340F220C
1A-FE-34-F2-71-4A,1AFE34F2714A,18-FE-34-F2-71-4A,18FE34F2714A
1A-FE-34-F2-71-4A,1AFE34F2714A,18-FE-34-F2-71-4A,18FE34F2714A
1A-FE-34-F2-71-4A,1AFE34F2714A,18-FE-34-F2-71-4A,18FE34F2714A
1A-FE-34-F2-71-4A,1AFE34F2714A,18-FE-34-F2-71-4A,18FE34F2714A
1A-FE-34-F2-71-4A,1AFE34F2714A,18-FE-34-F2-71-4A,18FE34F2714A
1A-FE-34-F2-71-4A,1AFE34F2714A,18-FE-34-F2-71-4A,18FE34F2714A
1A-FE-34-F2-71-4A,1AFE34F2714A,18-FE-34-F2-71-4A,18FE34F2714A
1A-FE-34-F2-71-4A,1AFE34F2714A,18-FE-34-F2-71-4A,18FE34F2714A
1A-FE-34-F2-71-4A,1AFE34F2714A,18-FE-34-F2-71-4A,18FE34F2714A
1A-FE-34-F2-71-4A,1AFE34F2714A,18-FE-34-F2-71-4A,18FE34F2714A
1A-FE-34-F2-71-4A,1AFE34F2714A,18-FE-34-F2-71-4A,18FE34F2714A
1A-FE-34-F2-71-4A,1AFE34F2714A,18-FE-34-F2-71-4A,18FE34F2714A
1A-FE-34-F2-71-4A,1AFE34F2714A,18-FE-34-F2-71-4A,18FE34F2714A
1A-FE-34-F2-71-4A,1AFE34F2714A,18-FE-34-F2-71-4A,18FE34F2714A
1A-FE-34-0E-CE-BF,1AFE340ECEBF,18-FE-34-0E-CE-BF,18FE340ECEBF
1A-FE-34-0E-CE-BF,1AFE340ECEBF,18-FE-34-0E-CE-BF,18FE340ECEBF
1A-FE-34-F2-71-4A,1AFE34F2714A,18-FE-34-F2-71-4A,18FE34F2714A
1A-FE-34-F2-71-4A,1AFE34F2714A,18-FE-34-F2-71-4A,18FE34F2714A
1A-FE-34-F2-71-4A,1AFE34F2714A,18-FE-34-F2-71-4A,18FE34F2714A
1A-FE-34-F2-71-4A,1AFE34F2714A,18-FE-34-F2-71-4A,18FE34F2714A
1A-FE-34-F2-71-4A,1AFE34F2714A,18-FE-34-F2-71-4A,18FE34F2714A
1A-FE-34-F2-71-4A,1AFE34F2714A,18-FE-34-F2-71-4A,18FE34F2714A
1A-FE-34-F2-71-4A,1AFE34F2714A,18-FE-34-F2-71-4A,18FE34F2714A
1A-FE-34-F2-71-4A,1AFE34F2714A,18-FE-34-F2-71-4A,18FE34F2714A
1A-FE-34-F2-71-4A,1AFE34F2714A,18-FE-34-F2-71-4A,18FE34F2714A
1A-FE-34-F2-71-4A,1AFE34F2714A,18-FE-34-F2-71-4A,18FE34F2714A
1A-FE-34-F2-71-4A,1AFE34F2714A,18-FE-34-F2-71-4A,18FE34F2714A
1A-FE-34-F2-71-4A,1AFE34F2714A,18-FE-34-F2-71-4A,18FE34F2714A
1A-FE-34-F2-71-4A,1AFE34F2714A,18-FE-34-F2-71-4A,18FE34F2714A
1A-FE-34-F2-71-4A,1AFE34F2714A,18-FE-34-F2-71-4A,18FE34F2714A
1A-FE-34-F2-71-4A,1AFE34F2714A,18-FE-34-F2-71-4A,18FE34F2714A
1A-FE-34-F2-71-4A,1AFE34F2714A,18-FE-34-F2-71-4A,18FE34F2714A
1A-FE-34-F2-71-4A,1AFE34F2714A,18-FE-34-F2-71-4A,18FE34F2714A
1A-FE-34-F2-71-4A,1AFE34F2714A,18-FE-34-F2-71-4A,18FE34F2714A
1A-FE-34-F2-71-4A,1AFE34F2714A,18-FE-34-F2-71-4A,18FE34F2714A
1A-FE-34-F2-71-4A,1AFE34F2714A,18-FE-34-F2-71-4A,18FE34F2714A
1A-FE-34-F2-71-4A,1AFE34F2714A,18-FE-34-F2-71-4A,18FE34F2714A
1A-FE-34-F2-71-4A,1AFE34F2714A,18-FE-34-F2-71-4A,18FE34F2714A
1A-FE-34-F2-71-4A,1AFE34F2714A,18-FE-34-F2-71-4A,18FE34F2714A
1A-FE-34-F2-71-4A,1AFE34F2714A,18-FE-34-F2-71-4A,18FE34F2714A
1A-FE-34-F2-71-4A,1AFE34F2714A,18-FE-34-F2-71-4A,18FE34F2714A
1A-FE-34-F2-71-4A,1AFE34F2714A,18-FE-34-F2-71-4A,18FE34F2714A
1A-FE-34-F2-71-4A,1AFE34F2714A,18-FE-34-F2-71-4A,18FE34F2714A
1A-FE-34-F2-71-4A,1AFE34F2714A,18-FE-34-F2-71-4A,18FE34F2714A
1A-FE-34-F2-71-4A,1AFE34F2714A,18-FE-34-F2-71-4A,18FE34F2714A
1A-FE-34-F2-71-4A,1AFE34F2714A,18-FE-34-F2-71-4A,18FE34F2714A
1A-FE-34-F2-71-4A,1AFE34F2714A,18-FE-34-F2-71-4A,18FE34F2714A
1A-FE-34-F2-71-4A,1AFE34F2714A,18-FE-34-F2-71-4A,18FE34F2714A
1A-FE-34-F2-71-4A,1AFE34F2714A,18-FE-34-F2-71-4A,18FE34F2714A
1A-FE-34-F2-71-4A,1AFE34F2714A,18-FE-34-F2-71-4A,18FE34F2714A
1A-FE-34-F2-71-4A,1AFE34F2714A,18-FE-34-F2-71-4A,18FE34F2714A
1A-FE-34-F2-71-4A,1AFE34F2714A,18-FE-34-F2-71-4A,18FE34F2714A
1A-FE-34-F2-71-4A,1AFE34F2714A,18-FE-34-F2-71-4A,18FE34F2714A
1A-FE-34-F2-71-4A,1AFE34F2714A,18-FE-34-F2-71-4A,18FE34F2714A
1A-FE-34-0E-CE-BF,1AFE340ECEBF,18-FE-34-0E-CE-BF,18FE340ECEBF
1A-FE-34-0E-D1-7B,1AFE340ED17B,18-FE-34-0E-D1-7B,18FE340ED17B
1A-FE-34-0E-CF-81,1AFE340ECF81,18-FE-34-0E-CF-81,18FE340ECF81
1A-FE-34-F2-71-4A,1AFE34F2714A,18-FE-34-F2-71-4A,18FE34F2714A
1A-FE-34-F2-71-4A,1AFE34F2714A,18-FE-34-F2-71-4A,18FE34F2714A
1A-FE-34-F2-71-4A,1AFE34F2714A,18-FE-34-F2-71-4A,18FE34F2714A
1A-FE-34-F2-71-4A,1AFE34F2714A,18-FE-34-F2-71-4A,18FE34F2714A
1A-FE-34-F2-71-4A,1AFE34F2714A,18-FE-34-F2-71-4A,18FE34F2714A
1A-FE-34-F2-71-4A,1AFE34F2714A,18-FE-34-F2-71-4A,18FE34F2714A
1A-FE-34-F2-71-4A,1AFE34F2714A,18-FE-34-F2-71-4A,18FE34F2714A
1A-FE-34-F2-71-4A,1AFE34F2714A,18-FE-34-F2-71-4A,18FE34F2714A
1A-FE-34-F2-71-4A,1AFE34F2714A,18-FE-34-F2-71-4A,18FE34F2714A
1A-FE-34-F2-71-4A,1AFE34F2714A,18-FE-34-F2-71-4A,18FE34F2714A
1A-FE-34-F2-71-4A,1AFE34F2714A,18-FE-34-F2-71-4A,18FE34F2714A
1A-FE-34-F2-71-4A,1AFE34F2714A,18-FE-34-F2-71-4A,18FE34F2714A
1A-FE-34-F2-71-4A,1AFE34F2714A,18-FE-34-F2-71-4A,18FE34F2714A
1A-FE-34-F2-71-4A,1AFE34F2714A,18-FE-34-F2-71-4A,18FE34F2714A
1A-FE-34-F2-71-4A,1AFE34F2714A,18-FE-34-F2-71-4A,18FE34F2714A
1A-FE-34-F2-71-4A,1AFE34F2714A,18-FE-34-F2-71-4A,18FE34F2714A
1A-FE-34-F2-71-4A,1AFE34F2714A,18-FE-34-F2-71-4A,18FE34F2714A
1A-FE-34-F2-71-4A,1AFE34F2714A,18-FE-34-F2-71-4A,18FE34F2714A
1A-FE-34-F2-71-4A,1AFE34F2714A,18-FE-34-F2-71-4A,18FE34F2714A
1A-FE-34-F2-71-4A,1AFE34F2714A,18-FE-34-F2-71-4A,18FE34F2714A
1A-FE-34-F2-71-4A,1AFE34F2714A,18-FE-34-F2-71-4A,18FE34F2714A
1A-FE-34-F2-71-4A,1AFE34F2714A,18-FE-34-F2-71-4A,18FE34F2714A
1A-FE-34-F2-71-4A,1AFE34F2714A,18-FE-34-F2-71-4A,18FE34F2714A
1A-FE-34-F2-71-4A,1AFE34F2714A,18-FE-34-F2-71-4A,18FE34F2714A
1A-FE-34-F2-71-4A,1AFE34F2714A,18-FE-34-F2-71-4A,18FE34F2714A
1A-FE-34-F2-71-4A,1AFE34F2714A,18-FE-34-F2-71-4A,18FE34F2714A
1A-FE-34-F2-71-4A,1AFE34F2714A,18-FE-34-F2-71-4A,18FE34F2714A
1A-FE-34-F2-71-4A,1AFE34F2714A,18-FE-34-F2-71-4A,18FE34F2714A
1A-FE-34-F2-71-4A,1AFE34F2714A,18-FE-34-F2-71-4A,18FE34F2714A
1A-FE-34-F2-71-4A,1AFE34F2714A,18-FE-34-F2-71-4A,18FE34F2714A
1A-FE-34-F2-71-4A,1AFE34F2714A,18-FE-34-F2-71-4A,18FE34F2714A
1A-FE-34-F2-71-4A,1AFE34F2714A,18-FE-34-F2-71-4A,18FE34F2714A
1A-FE-34-F2-71-4A,1AFE34F2714A,18-FE-34-F2-71-4A,18FE34F2714A
1A-FE-34-F2-71-4A,1AFE34F2714A,18-FE-34-F2-71-4A,18FE34F2714A
1A-FE-34-F2-71-4A,1AFE34F2714A,18-FE-34-F2-71-4A,18FE34F2714A
1A-FE-34-F2-71-4A,1AFE34F2714A,18-FE-34-F2-71-4A,18FE34F2714A
1A-FE-34-F2-71-4A,1AFE34F2714A,18-FE-34-F2-71-4A,18FE34F2714A
1A-FE-34-F2-71-4A,1AFE34F2714A,18-FE-34-F2-71-4A,18FE34F2714A
1A-FE-34-F2-71-4A,1AFE34F2714A,18-FE-34-F2-71-4A,18FE34F2714A
1A-FE-34-F2-71-4A,1AFE34F2714A,18-FE-34-F2-71-4A,18FE34F2714A
1A-FE-34-F2-71-4A,1AFE34F2714A,18-FE-34-F2-71-4A,18FE34F2714A
1A-FE-34-F2-71-4A,1AFE34F2714A,18-FE-34-F2-71-4A,18FE34F2714A
1A-FE-34-F2-71-4A,1AFE34F2714A,18-FE-34-F2-71-4A,18FE34F2714A
1A-FE-34-F2-71-4A,1AFE34F2714A,18-FE-34-F2-71-4A,18FE34F2714A
1A-FE-34-F2-71-4A,1AFE34F2714A,18-FE-34-F2-71-4A,18FE34F2714A
1A-FE-34-F2-71-4A,1AFE34F2714A,18-FE-34-F2-71-4A,18FE34F2714A
1A-FE-34-F2-71-4A,1AFE34F2714A,18-FE-34-F2-71-4A,18FE34F2714A
1A-FE-34-F2-71-4A,1AFE34F2714A,18-FE-34-F2-71-4A,18FE34F2714A
1A-FE-34-F2-71-4A,1AFE34F2714A,18-FE-34-F2-71-4A,18FE34F2714A
1A-FE-34-F2-71-4A,1AFE34F2714A,18-FE-34-F2-71-4A,18FE34F2714A
1A-FE-34-F2-71-4A,1AFE34F2714A,18-FE-34-F2-71-4A,18FE34F2714A
1A-FE-34-F2-71-4A,1AFE34F2714A,18-FE-34-F2-71-4A,18FE34F2714A
1A-FE-34-F2-71-4A,1AFE34F2714A,18-FE-34-F2-71-4A,18FE34F2714A
1A-FE-34-F2-71-4A,1AFE34F2714A,18-FE-34-F2-71-4A,18FE34F2714A
1A-FE-34-F2-71-4A,1AFE34F2714A,18-FE-34-F2-71-4A,18FE34F2714A
1A-FE-34-F2-71-4A,1AFE34F2714A,18-FE-34-F2-71-4A,18FE34F2714A
1A-FE-34-F2-71-4A,1AFE34F2714A,18-FE-34-F2-71-4A,18FE34F2714A
1A-FE-34-F2-71-4A,1AFE34F2714A,18-FE-34-F2-71-4A,18FE34F2714A
1A-FE-34-F2-71-4A,1AFE34F2714A,18-FE-34-F2-71-4A,18FE34F2714A
1A-FE-34-F2-71-4A,1AFE34F2714A,18-FE-34-F2-71-4A,18FE34F2714A
1A-FE-34-F2-71-4A,1AFE34F2714A,18-FE-34-F2-71-4A,18FE34F2714A
1A-FE-34-F2-71-4A,1AFE34F2714A,18-FE-34-F2-71-4A,18FE34F2714A
1A-FE-34-F2-71-4A,1AFE34F2714A,18-FE-34-F2-71-4A,18FE34F2714A
1A-FE-34-F2-71-4A,1AFE34F2714A,18-FE-34-F2-71-4A,18FE34F2714A
1A-FE-34-F2-71-4A,1AFE34F2714A,18-FE-34-F2-71-4A,18FE34F2714A
1A-FE-34-F2-71-4A,1AFE34F2714A,18-FE-34-F2-71-4A,18FE34F2714A
1A-FE-34-F2-71-4A,1AFE34F2714A,18-FE-34-F2-71-4A,18FE34F2714A
1A-FE-34-F2-71-4A,1AFE34F2714A,18-FE-34-F2-71-4A,18FE34F2714A
1A-FE-34-F2-71-4A,1AFE34F2714A,18-FE-34-F2-71-4A,18FE34F2714A
1A-FE-34-F2-71-4A,1AFE34F2714A,18-FE-34-F2-71-4A,18FE34F2714A
1A-FE-34-F2-71-4A,1AFE34F2714A,18-FE-34-F2-71-4A,18FE34F2714A
1A-FE-34-F2-71-4A,1AFE34F2714A,18-FE-34-F2-71-4A,18FE34F2714A
1A-FE-34-F2-71-4A,1AFE34F2714A,18-FE-34-F2-71-4A,18FE34F2714A
1A-FE-34-F2-71-4A,1AFE34F2714A,18-FE-34-F2-71-4A,18FE34F2714A
1A-FE-34-F2-71-4A,1AFE34F2714A,18-FE-34-F2-71-4A,18FE34F2714A
1A-FE-34-F2-71-4A,1AFE34F2714A,18-FE-34-F2-71-4A,18FE34F2714A
1A-FE-34-F2-71-4A,1AFE34F2714A,18-FE-34-F2-71-4A,18FE34F2714A
1A-FE-34-F2-71-4A,1AFE34F2714A,18-FE-34-F2-71-4A,18FE34F2714A
1A-FE-34-F2-71-4A,1AFE34F2714A,18-FE-34-F2-71-4A,18FE34F2714A
1A-FE-34-F2-71-4A,1AFE34F2714A,18-FE-34-F2-71-4A,18FE34F2714A
1A-FE-34-F2-71-4A,1AFE34F2714A,18-FE-34-F2-71-4A,18FE34F2714A
1A-FE-34-F2-71-4A,1AFE34F2714A,18-FE-34-F2-71-4A,18FE34F2714A
1A-FE-34-F2-71-4A,1AFE34F2714A,18-FE-34-F2-71-4A,18FE34F2714A
1A-FE-34-F2-71-4A,1AFE34F2714A,18-FE-34-F2-71-4A,18FE34F2714A
1A-FE-34-F2-71-4A,1AFE34F2714A,18-FE-34-F2-71-4A,18FE34F2714A
1A-FE-34-F2-71-4A,1AFE34F2714A,18-FE-34-F2-71-4A,18FE34F2714A
1A-FE-34-F2-71-4A,1AFE34F2714A,18-FE-34-F2-71-4A,18FE34F2714A
1A-FE-34-F2-71-4A,1AFE34F2714A,18-FE-34-F2-71-4A,18FE34F2714A
1A-FE-34-F2-71-4A,1AFE34F2714A,18-FE-34-F2-71-4A,18FE34F2714A
1A-FE-34-F2-71-4A,1AFE34F2714A,18-FE-34-F2-71-4A,18FE34F2714A
1A-FE-34-F2-71-4A,1AFE34F2714A,18-FE-34-F2-71-4A,18FE34F2714A
1A-FE-34-F2-71-4A,1AFE34F2714A,18-FE-34-F2-71-4A,18FE34F2714A
1A-FE-34-F2-71-4A,1AFE34F2714A,18-FE-34-F2-71-4A,18FE34F2714A
1A-FE-34-F2-71-4A,1AFE34F2714A,18-FE-34-F2-71-4A,18FE34F2714A
1A-FE-34-F2-71-4A,1AFE34F2714A,18-FE-34-F2-71-4A,18FE34F2714A
1A-FE-34-F2-71-4A,1AFE34F2714A,18-FE-34-F2-71-4A,18FE34F2714A
1A-FE-34-F2-71-4A,1AFE34F2714A,18-FE-34-F2-71-4A,18FE34F2714A
1A-FE-34-F2-71-4A,1AFE34F2714A,18-FE-34-F2-71-4A,18FE34F2714A
1A-FE-34-F2-71-4A,1AFE34F2714A,18-FE-34-F2-71-4A,18FE34F2714A
1A-FE-34-F2-71-4A,1AFE34F2714A,18-FE-34-F2-71-4A,18FE34F2714A
1A-FE-34-F2-71-4A,1AFE34F2714A,18-FE-34-F2-71-4A,18FE34F2714A
1A-FE-34-F2-71-4A,1AFE34F2714A,18-FE-34-F2-71-4A,18FE34F2714A
1A-FE-34-F2-71-4A,1AFE34F2714A,18-FE-34-F2-71-4A,18FE34F2714A
1A-FE-34-F2-71-4A,1AFE34F2714A,18-FE-34-F2-71-4A,18FE34F2714A
1A-FE-34-F2-71-4A,1AFE34F2714A,18-FE-34-F2-71-4A,18FE34F2714A
1A-FE-34-F2-71-4A,1AFE34F2714A,18-FE-34-F2-71-4A,18FE34F2714A
1A-FE-34-F2-71-4A,1AFE34F2714A,18-FE-34-F2-71-4A,18FE34F2714A
1A-FE-34-F2-71-4A,1AFE34F2714A,18-FE-34-F2-71-4A,18FE34F2714A
1A-FE-34-F2-71-4A,1AFE34F2714A,18-FE-34-F2-71-4A,18FE34F2714A
1A-FE-34-F2-71-4A,1AFE34F2714A,18-FE-34-F2-71-4A,18FE34F2714A
1A-FE-34-F2-71-4A,1AFE34F2714A,18-FE-34-F2-71-4A,18FE34F2714A
1A-FE-34-F2-71-4A,1AFE34F2714A,18-FE-34-F2-71-4A,18FE34F2714A
1A-FE-34-F2-71-4A,1AFE34F2714A,18-FE-34-F2-71-4A,18FE34F2714A
1A-FE-34-F2-71-4A,1AFE34F2714A,18-FE-34-F2-71-4A,18FE34F2714A
1A-FE-34-F2-71-4A,1AFE34F2714A,18-FE-34-F2-71-4A,18FE34F2714A
1A-FE-34-F2-71-4A,1AFE34F2714A,18-FE-34-F2-71-4A,18FE34F2714A
1A-FE-34-F2-71-4A,1AFE34F2714A,18-FE-34-F2-71-4A,18FE34F2714A
1A-FE-34-F2-71-4A,1AFE34F2714A,18-FE-34-F2-71-4A,18FE34F2714A
1A-FE-34-F2-71-4A,1AFE34F2714A,18-FE-34-F2-71-4A,18FE34F2714A
1A-FE-34-F2-71-4A,1AFE34F2714A,18-FE-34-F2-71-4A,18FE34F2714A
1A-FE-34-F2-71-4A,1AFE34F2714A,18-FE-34-F2-71-4A,18FE34F2714A
1A-FE-34-F2-71-4A,1AFE34F2714A,18-FE-34-F2-71-4A,18FE34F2714A
1A-FE-34-F2-71-4A,1AFE34F2714A,18-FE-34-F2-71-4A,18FE34F2714A
1A-FE-34-F2-71-4A,1AFE34F2714A,18-FE-34-F2-71-4A,18FE34F2714A
1A-FE-34-F2-71-4A,1AFE34F2714A,18-FE-34-F2-71-4A,18FE34F2714A
1A-FE-34-F2-71-4A,1AFE34F2714A,18-FE-34-F2-71-4A,18FE34F2714A
1A-FE-34-F2-71-4A,1AFE34F2714A,18-FE-34-F2-71-4A,18FE34F2714A
1A-FE-34-F2-71-4A,1AFE34F2714A,18-FE-34-F2-71-4A,18FE34F2714A
1A-FE-34-F2-71-4A,1AFE34F2714A,18-FE-34-F2-71-4A,18FE34F2714A
1A-FE-34-F2-71-4A,1AFE34F2714A,18-FE-34-F2-71-4A,18FE34F2714A
1A-FE-34-F2-71-4A,1AFE34F2714A,18-FE-34-F2-71-4A,18FE34F2714A
1A-FE-34-F2-71-4A,1AFE34F2714A,18-FE-34-F2-71-4A,18FE34F2714A
1A-FE-34-F2-71-4A,1AFE34F2714A,18-FE-34-F2-71-4A,18FE34F2714A
1A-FE-34-F2-71-4A,1AFE34F2714A,18-FE-34-F2-71-4A,18FE34F2714A
1A-FE-34-F2-71-4A,1AFE34F2714A,18-FE-34-F2-71-4A,18FE34F2714A
1A-FE-34-F2-71-4A,1AFE34F2714A,18-FE-34-F2-71-4A,18FE34F2714A
1A-FE-34-F2-71-4A,1AFE34F2714A,18-FE-34-F2-71-4A,18FE34F2714A
1A-FE-34-F2-71-4A,1AFE34F2714A,18-FE-34-F2-71-4A,18FE34F2714A
1A-FE-34-F2-71-4A,1AFE34F2714A,18-FE-34-F2-71-4A,18FE34F2714A
1A-FE-34-F2-71-4A,1AFE34F2714A,18-FE-34-F2-71-4A,18FE34F2714A
1A-FE-34-F2-71-4A,1AFE34F2714A,18-FE-34-F2-71-4A,18FE34F2714A
1A-FE-34-F2-71-4A,1AFE34F2714A,18-FE-34-F2-71-4A,18FE34F2714A
1A-FE-34-F2-71-4A,1AFE34F2714A,18-FE-34-F2-71-4A,18FE34F2714A
1A-FE-34-F2-71-4A,1AFE34F2714A,18-FE-34-F2-71-4A,18FE34F2714A
1A-FE-34-F2-71-4A,1AFE34F2714A,18-FE-34-F2-71-4A,18FE34F2714A
1A-FE-34-F2-71-4A,1AFE34F2714A,18-FE-34-F2-71-4A,18FE34F2714A
1A-FE-34-F2-71-4A,1AFE34F2714A,18-FE-34-F2-71-4A,18FE34F2714A
1A-FE-34-F2-71-4A,1AFE34F2714A,18-FE-34-F2-71-4A,18FE34F2714A
1A-FE-34-F2-71-4A,1AFE34F2714A,18-FE-34-F2-71-4A,18FE34F2714A
1A-FE-34-F2-71-4A,1AFE34F2714A,18-FE-34-F2-71-4A,18FE34F2714A
1A-FE-34-F2-71-4A,1AFE34F2714A,18-FE-34-F2-71-4A,18FE34F2714A
1A-FE-34-F2-71-4A,1AFE34F2714A,18-FE-34-F2-71-4A,18FE34F2714A
1A-FE-34-F2-71-4A,1AFE34F2714A,18-FE-34-F2-71-4A,18FE34F2714A
1A-FE-34-F2-71-4A,1AFE34F2714A,18-FE-34-F2-71-4A,18FE34F2714A
1A-FE-34-F2-71-4A,1AFE34F2714A,18-FE-34-F2-71-4A,18FE34F2714A
1A-FE-34-F2-71-4A,1AFE34F2714A,18-FE-34-F2-71-4A,18FE34F2714A
1A-FE-34-F2-71-4A,1AFE34F2714A,18-FE-34-F2-71-4A,18FE34F2714A
1A-FE-34-F2-71-4A,1AFE34F2714A,18-FE-34-F2-71-4A,18FE34F2714A
1A-FE-34-F2-71-4A,1AFE34F2714A,18-FE-34-F2-71-4A,18FE34F2714A
1A-FE-34-F2-71-4A,1AFE34F2714A,18-FE-34-F2-71-4A,18FE34F2714A
1A-FE-34-F2-71-4A,1AFE34F2714A,18-FE-34-F2-71-4A,18FE34F2714A
1A-FE-34-F2-71-4A,1AFE34F2714A,18-FE-34-F2-71-4A,18FE34F2714A
1A-FE-34-F2-71-4A,1AFE34F2714A,18-FE-34-F2-71-4A,18FE34F2714A
1A-FE-34-F2-71-4A,1AFE34F2714A,18-FE-34-F2-71-4A,18FE34F2714A
1A-FE-34-F2-71-4A,1AFE34F2714A,18-FE-34-F2-71-4A,18FE34F2714A
1A-FE-34-F2-71-4A,1AFE34F2714A,18-FE-34-F2-71-4A,18FE34F2714A
1A-FE-34-F2-71-4A,1AFE34F2714A,18-FE-34-F2-71-4A,18FE34F2714A
1A-FE-34-F2-71-4A,1AFE34F2714A,18-FE-34-F2-71-4A,18FE34F2714A
1A-FE-34-F2-71-4A,1AFE34F2714A,18-FE-34-F2-71-4A,18FE34F2714A
1A-FE-34-F2-71-4A,1AFE34F2714A,18-FE-34-F2-71-4A,18FE34F2714A
1A-FE-34-F2-71-4A,1AFE34F2714A,18-FE-34-F2-71-4A,18FE34F2714A
1A-FE-34-F2-71-4A,1AFE34F2714A,18-FE-34-F2-71-4A,18FE34F2714A
1A-FE-34-F2-71-4A,1AFE34F2714A,18-FE-34-F2-71-4A,18FE34F2714A
1A-FE-34-F2-71-4A,1AFE34F2714A,18-FE-34-F2-71-4A,18FE34F2714A
1A-FE-34-F2-71-4A,1AFE34F2714A,18-FE-34-F2-71-4A,18FE34F2714A
1A-FE-34-F2-71-4A,1AFE34F2714A,18-FE-34-F2-71-4A,18FE34F2714A
1A-FE-34-F2-71-4A,1AFE34F2714A,18-FE-34-F2-71-4A,18FE34F2714A
1A-FE-34-F2-71-4A,1AFE34F2714A,18-FE-34-F2-71-4A,18FE34F2714A
1A-FE-34-F2-71-4A,1AFE34F2714A,18-FE-34-F2-71-4A,18FE34F2714A
1A-FE-34-F2-71-4A,1AFE34F2714A,18-FE-34-F2-71-4A,18FE34F2714A
1A-FE-34-F2-71-4A,1AFE34F2714A,18-FE-34-F2-71-4A,18FE34F2714A
1A-FE-34-F2-71-4A,1AFE34F2714A,18-FE-34-F2-71-4A,18FE34F2714A
1A-FE-34-F2-71-4A,1AFE34F2714A,18-FE-34-F2-71-4A,18FE34F2714A
1A-FE-34-F2-71-4A,1AFE34F2714A,18-FE-34-F2-71-4A,18FE34F2714A
1A-FE-34-F2-71-4A,1AFE34F2714A,18-FE-34-F2-71-4A,18FE34F2714A
1A-FE-34-F2-71-4A,1AFE34F2714A,18-FE-34-F2-71-4A,18FE34F2714A
1A-FE-34-F2-71-4A,1AFE34F2714A,18-FE-34-F2-71-4A,18FE34F2714A
1A-FE-34-F2-71-4A,1AFE34F2714A,18-FE-34-F2-71-4A,18FE34F2714A
1A-FE-34-F2-71-4A,1AFE34F2714A,18-FE-34-F2-71-4A,18FE34F2714A
1A-FE-34-F2-71-4A,1AFE34F2714A,18-FE-34-F2-71-4A,18FE34F2714A
1A-FE-34-F2-71-4A,1AFE34F2714A,18-FE-34-F2-71-4A,18FE34F2714A
1A-FE-34-F2-71-4A,1AFE34F2714A,18-FE-34-F2-71-4A,18FE34F2714A
1A-FE-34-F2-71-4A,1AFE34F2714A,18-FE-34-F2-71-4A,18FE34F2714A
1A-FE-34-F2-71-4A,1AFE34F2714A,18-FE-34-F2-71-4A,18FE34F2714A
1A-FE-34-F2-71-4A,1AFE34F2714A,18-FE-34-F2-71-4A,18FE34F2714A
1A-FE-34-F2-71-4A,1AFE34F2714A,18-FE-34-F2-71-4A,18FE34F2714A
1A-FE-34-F2-71-4A,1AFE34F2714A,18-FE-34-F2-71-4A,18FE34F2714A
1A-FE-34-F2-71-4A,1AFE34F2714A,18-FE-34-F2-71-4A,18FE34F2714A
1A-FE-34-F2-71-4A,1AFE34F2714A,18-FE-34-F2-71-4A,18FE34F2714A
1A-FE-34-F2-71-4A,1AFE34F2714A,18-FE-34-F2-71-4A,18FE34F2714A
1A-FE-34-F2-71-4A,1AFE34F2714A,18-FE-34-F2-71-4A,18FE34F2714A
1A-FE-34-F2-71-4A,1AFE34F2714A,18-FE-34-F2-71-4A,18FE34F2714A
1A-FE-34-F2-71-4A,1AFE34F2714A,18-FE-34-F2-71-4A,18FE34F2714A
1A-FE-34-F2-71-4A,1AFE34F2714A,18-FE-34-F2-71-4A,18FE34F2714A
1A-FE-34-F2-71-4A,1AFE34F2714A,18-FE-34-F2-71-4A,18FE34F2714A
1A-FE-34-F2-71-4A,1AFE34F2714A,18-FE-34-F2-71-4A,18FE34F2714A
1A-FE-34-F2-71-4A,1AFE34F2714A,18-FE-34-F2-71-4A,18FE34F2714A
1A-FE-34-F2-71-4A,1AFE34F2714A,18-FE-34-F2-71-4A,18FE34F2714A
1A-FE-34-F2-71-4A,1AFE34F2714A,18-FE-34-F2-71-4A,18FE34F2714A
1A-FE-34-F2-71-4A,1AFE34F2714A,18-FE-34-F2-71-4A,18FE34F2714A
1A-FE-34-F2-71-4A,1AFE34F2714A,18-FE-34-F2-71-4A,18FE34F2714A
1A-FE-34-F2-71-4A,1AFE34F2714A,18-FE-34-F2-71-4A,18FE34F2714A
1A-FE-34-F2-71-4A,1AFE34F2714A,18-FE-34-F2-71-4A,18FE34F2714A
1A-FE-34-F2-71-4A,1AFE34F2714A,18-FE-34-F2-71-4A,18FE34F2714A
1A-FE-34-F2-71-4A,1AFE34F2714A,18-FE-34-F2-71-4A,18FE34F2714A
1A-FE-34-F2-71-4A,1AFE34F2714A,18-FE-34-F2-71-4A,18FE34F2714A
1A-FE-34-F2-71-4A,1AFE34F2714A,18-FE-34-F2-71-4A,18FE34F2714A
1A-FE-34-F2-71-4A,1AFE34F2714A,18-FE-34-F2-71-4A,18FE34F2714A
1A-FE-34-F2-71-4A,1AFE34F2714A,18-FE-34-F2-71-4A,18FE34F2714A
1A-FE-34-F2-71-4A,1AFE34F2714A,18-FE-34-F2-71-4A,18FE34F2714A
1A-FE-34-F2-71-4A,1AFE34F2714A,18-FE-34-F2-71-4A,18FE34F2714A
1A-FE-34-F2-71-4A,1AFE34F2714A,18-FE-34-F2-71-4A,18FE34F2714A
1A-FE-34-F2-71-4A,1AFE34F2714A,18-FE-34-F2-71-4A,18FE34F2714A
1A-FE-34-F2-71-4A,1AFE34F2714A,18-FE-34-F2-71-4A,18FE34F2714A
1A-FE-34-F2-71-4A,1AFE34F2714A,18-FE-34-F2-71-4A,18FE34F2714A
1A-FE-34-F2-71-4A,1AFE34F2714A,18-FE-34-F2-71-4A,18FE34F2714A
1A-FE-34-F2-71-4A,1AFE34F2714A,18-FE-34-F2-71-4A,18FE34F2714A
1A-FE-34-F2-71-4A,1AFE34F2714A,18-FE-34-F2-71-4A,18FE34F2714A
1A-FE-34-F2-71-4A,1AFE34F2714A,18-FE-34-F2-71-4A,18FE34F2714A
1A-FE-34-F2-71-4A,1AFE34F2714A,18-FE-34-F2-71-4A,18FE34F2714A
1A-FE-34-F2-71-4A,1AFE34F2714A,18-FE-34-F2-71-4A,18FE34F2714A
1A-FE-34-F2-71-4A,1AFE34F2714A,18-FE-34-F2-71-4A,18FE34F2714A
1A-FE-34-F2-71-4A,1AFE34F2714A,18-FE-34-F2-71-4A,18FE34F2714A
1A-FE-34-F2-71-4A,1AFE34F2714A,18-FE-34-F2-71-4A,18FE34F2714A
1A-FE-34-F2-71-4A,1AFE34F2714A,18-FE-34-F2-71-4A,18FE34F2714A
1A-FE-34-F2-71-4A,1AFE34F2714A,18-FE-34-F2-71-4A,18FE34F2714A
1A-FE-34-F2-71-4A,1AFE34F2714A,18-FE-34-F2-71-4A,18FE34F2714A
1A-FE-34-F2-71-4A,1AFE34F2714A,18-FE-34-F2-71-4A,18FE34F2714A
1A-FE-34-F2-71-4A,1AFE34F2714A,18-FE-34-F2-71-4A,18FE34F2714A
1A-FE-34-F2-71-4A,1AFE34F2714A,18-FE-34-F2-71-4A,18FE34F2714A
1A-FE-34-F2-71-4A,1AFE34F2714A,18-FE-34-F2-71-4A,18FE34F2714A
1A-FE-34-F2-71-4A,1AFE34F2714A,18-FE-34-F2-71-4A,18FE34F2714A
1A-FE-34-F2-71-4A,1AFE34F2714A,18-FE-34-F2-71-4A,18FE34F2714A
1A-FE-34-F2-71-4A,1AFE34F2714A,18-FE-34-F2-71-4A,18FE34F2714A
1A-FE-34-F2-71-4A,1AFE34F2714A,18-FE-34-F2-71-4A,18FE34F2714A
1A-FE-34-F2-71-4A,1AFE34F2714A,18-FE-34-F2-71-4A,18FE34F2714A
1A-FE-34-F2-71-4A,1AFE34F2714A,18-FE-34-F2-71-4A,18FE34F2714A
1A-FE-34-F2-71-4A,1AFE34F2714A,18-FE-34-F2-71-4A,18FE34F2714A
1A-FE-34-F2-71-4A,1AFE34F2714A,18-FE-34-F2-71-4A,18FE34F2714A
1A-FE-34-F2-71-4A,1AFE34F2714A,18-FE-34-F2-71-4A,18FE34F2714A
1A-FE-34-F2-71-4A,1AFE34F2714A,18-FE-34-F2-71-4A,18FE34F2714A
1A-FE-34-F2-71-4A,1AFE34F2714A,18-FE-34-F2-71-4A,18FE34F2714A
1A-FE-34-F2-71-4A,1AFE34F2714A,18-FE-34-F2-71-4A,18FE34F2714A
1A-FE-34-F2-71-4A,1AFE34F2714A,18-FE-34-F2-71-4A,18FE34F2714A
1A-FE-34-F2-71-4A,1AFE34F2714A,18-FE-34-F2-71-4A,18FE34F2714A
1A-FE-34-F2-71-4A,1AFE34F2714A,18-FE-34-F2-71-4A,18FE34F2714A
1A-FE-34-F2-71-4A,1AFE34F2714A,18-FE-34-F2-71-4A,18FE34F2714A
1A-FE-34-F2-71-4A,1AFE34F2714A,18-FE-34-F2-71-4A,18FE34F2714A
1A-FE-34-F2-71-4A,1AFE34F2714A,18-FE-34-F2-71-4A,18FE34F2714A
1A-FE-34-F2-71-4A,1AFE34F2714A,18-FE-34-F2-71-4A,18FE34F2714A
1A-FE-34-F2-71-4A,1AFE34F2714A,18-FE-34-F2-71-4A,18FE34F2714A
1A-FE-34-F2-71-4A,1AFE34F2714A,18-FE-34-F2-71-4A,18FE34F2714A
1A-FE-34-F2-71-4A,1AFE34F2714A,18-FE-34-F2-71-4A,18FE34F2714A
1A-FE-34-F2-71-4A,1AFE34F2714A,18-FE-34-F2-71-4A,18FE34F2714A
1A-FE-34-F2-71-4A,1AFE34F2714A,18-FE-34-F2-71-4A,18FE34F2714A
1A-FE-34-F2-71-4A,1AFE34F2714A,18-FE-34-F2-71-4A,18FE34F2714A
1A-FE-34-F2-71-4A,1AFE34F2714A,18-FE-34-F2-71-4A,18FE34F2714A
1A-FE-34-F2-71-4A,1AFE34F2714A,18-FE-34-F2-71-4A,18FE34F2714A
1A-FE-34-F2-71-4A,1AFE34F2714A,18-FE-34-F2-71-4A,18FE34F2714A
1A-FE-34-F2-71-4A,1AFE34F2714A,18-FE-34-F2-71-4A,18FE34F2714A
1A-FE-34-F2-71-4A,1AFE34F2714A,18-FE-34-F2-71-4A,18FE34F2714A
1A-FE-34-F2-71-4A,1AFE34F2714A,18-FE-34-F2-71-4A,18FE34F2714A
1A-FE-34-F2-71-4A,1AFE34F2714A,18-FE-34-F2-71-4A,18FE34F2714A
1A-FE-34-F2-71-4A,1AFE34F2714A,18-FE-34-F2-71-4A,18FE34F2714A
1A-FE-34-F2-71-4A,1AFE34F2714A,18-FE-34-F2-71-4A,18FE34F2714A
1A-FE-34-F2-71-4A,1AFE34F2714A,18-FE-34-F2-71-4A,18FE34F2714A
1A-FE-34-F2-71-4A,1AFE34F2714A,18-FE-34-F2-71-4A,18FE34F2714A
1A-FE-34-F2-71-4A,1AFE34F2714A,18-FE-34-F2-71-4A,18FE34F2714A
1A-FE-34-F2-71-4A,1AFE34F2714A,18-FE-34-F2-71-4A,18FE34F2714A
1A-FE-34-F2-71-4A,1AFE34F2714A,18-FE-34-F2-71-4A,18FE34F2714A
1A-FE-34-F2-71-4A,1AFE34F2714A,18-FE-34-F2-71-4A,18FE34F2714A
1A-FE-34-F2-71-4A,1AFE34F2714A,18-FE-34-F2-71-4A,18FE34F2714A
1A-FE-34-F2-71-4A,1AFE34F2714A,18-FE-34-F2-71-4A,18FE34F2714A
1A-FE-34-F2-71-4A,1AFE34F2714A,18-FE-34-F2-71-4A,18FE34F2714A
1A-FE-34-F2-71-4A,1AFE34F2714A,18-FE-34-F2-71-4A,18FE34F2714A
1A-FE-34-F2-71-4A,1AFE34F2714A,18-FE-34-F2-71-4A,18FE34F2714A
1A-FE-34-F2-71-4A,1AFE34F2714A,18-FE-34-F2-71-4A,18FE34F2714A
1A-FE-34-F2-71-4A,1AFE34F2714A,18-FE-34-F2-71-4A,18FE34F2714A
1A-FE-34-F2-71-4A,1AFE34F2714A,18-FE-34-F2-71-4A,18FE34F2714A
1A-FE-34-F2-71-4A,1AFE34F2714A,18-FE-34-F2-71-4A,18FE34F2714A
1A-FE-34-F2-71-4A,1AFE34F2714A,18-FE-34-F2-71-4A,18FE34F2714A
1A-FE-34-F2-71-4A,1AFE34F2714A,18-FE-34-F2-71-4A,18FE34F2714A
1A-FE-34-F2-71-4A,1AFE34F2714A,18-FE-34-F2-71-4A,18FE34F2714A
1A-FE-34-F2-71-4A,1AFE34F2714A,18-FE-34-F2-71-4A,18FE34F2714A
1A-FE-34-F2-71-4A,1AFE34F2714A,18-FE-34-F2-71-4A,18FE34F2714A
1A-FE-34-0F-69-29,1AFE340F6929,18-FE-34-0F-69-29,18FE340F6929
1A-FE-34-0F-69-29,1AFE340F6929,18-FE-34-0F-69-29,18FE340F6929
1A-FE-34-0F-69-29,1AFE340F6929,18-FE-34-0F-69-29,18FE340F6929
1A-FE-34-0F-69-29,1AFE340F6929,18-FE-34-0F-69-29,18FE340F6929
1A-FE-34-0F-69-29,1AFE340F6929,18-FE-34-0F-69-29,18FE340F6929
1A-FE-34-D6-6E-FB,1AFE34D66EFB,18-FE-34-D6-6E-FB,18FE34D66EFB
1A-FE-34-D6-71-DF,1AFE34D671DF,18-FE-34-D6-71-DF,18FE34D671DF
1A-FE-34-D6-70-EB,1AFE34D670EB,18-FE-34-D6-70-EB,18FE34D670EB
1A-FE-34-D6-73-2A,1AFE34D6732A,18-FE-34-D6-73-2A,18FE34D6732A
1A-FE-34-0F-69-3E,1AFE340F693E,18-FE-34-0F-69-3E,18FE340F693E
1A-FE-34-0F-69-3E,1AFE340F693E,18-FE-34-0F-69-3E,18FE340F693E
1A-FE-34-D6-71-93,1AFE34D67193,18-FE-34-D6-71-93,18FE34D67193
1A-FE-34-D6-71-93,1AFE34D67193,18-FE-34-D6-71-93,18FE34D67193
1A-FE-34-D6-71-F1,1AFE34D671F1,18-FE-34-D6-71-F1,18FE34D671F1
1A-FE-34-D6-6E-6E,1AFE34D66E6E,18-FE-34-D6-6E-6E,18FE34D66E6E
1A-FE-34-D6-72-66,1AFE34D67266,18-FE-34-D6-72-66,18FE34D67266
1A-FE-34-F2-71-4A,1AFE34F2714A,18-FE-34-F2-71-4A,18FE34F2714A
1A-FE-34-F2-71-4A,1AFE34F2714A,18-FE-34-F2-71-4A,18FE34F2714A
1A-FE-34-F2-71-4A,1AFE34F2714A,18-FE-34-F2-71-4A,18FE34F2714A
1A-FE-34-F2-71-4A,1AFE34F2714A,18-FE-34-F2-71-4A,18FE34F2714A
1A-FE-34-F2-71-4A,1AFE34F2714A,18-FE-34-F2-71-4A,18FE34F2714A
1A-FE-34-F2-71-4A,1AFE34F2714A,18-FE-34-F2-71-4A,18FE34F2714A
1A-FE-34-F2-71-4A,1AFE34F2714A,18-FE-34-F2-71-4A,18FE34F2714A
1A-FE-34-F2-71-4A,1AFE34F2714A,18-FE-34-F2-71-4A,18FE34F2714A
1A-FE-34-F2-71-4A,1AFE34F2714A,18-FE-34-F2-71-4A,18FE34F2714A
1A-FE-34-F2-71-4A,1AFE34F2714A,18-FE-34-F2-71-4A,18FE34F2714A
1A-FE-34-F2-71-4A,1AFE34F2714A,18-FE-34-F2-71-4A,18FE34F2714A
1A-FE-34-F2-71-4A,1AFE34F2714A,18-FE-34-F2-71-4A,18FE34F2714A
1A-FE-34-F2-71-4A,1AFE34F2714A,18-FE-34-F2-71-4A,18FE34F2714A
1A-FE-34-F2-71-4A,1AFE34F2714A,18-FE-34-F2-71-4A,18FE34F2714A
1A-FE-34-F2-71-4A,1AFE34F2714A,18-FE-34-F2-71-4A,18FE34F2714A
1A-FE-34-F2-71-4A,1AFE34F2714A,18-FE-34-F2-71-4A,18FE34F2714A
1A-FE-34-F2-71-4A,1AFE34F2714A,18-FE-34-F2-71-4A,18FE34F2714A
1A-FE-34-F2-71-4A,1AFE34F2714A,18-FE-34-F2-71-4A,18FE34F2714A
1A-FE-34-F2-71-4A,1AFE34F2714A,18-FE-34-F2-71-4A,18FE34F2714A
1A-FE-34-F2-71-4A,1AFE34F2714A,18-FE-34-F2-71-4A,18FE34F2714A
1A-FE-34-F2-71-4A,1AFE34F2714A,18-FE-34-F2-71-4A,18FE34F2714A
1A-FE-34-F2-71-4A,1AFE34F2714A,18-FE-34-F2-71-4A,18FE34F2714A
1A-FE-34-F2-71-4A,1AFE34F2714A,18-FE-34-F2-71-4A,18FE34F2714A
1A-FE-34-F2-71-4A,1AFE34F2714A,18-FE-34-F2-71-4A,18FE34F2714A
1A-FE-34-F2-71-4A,1AFE34F2714A,18-FE-34-F2-71-4A,18FE34F2714A
1A-FE-34-F2-71-4A,1AFE34F2714A,18-FE-34-F2-71-4A,18FE34F2714A
1A-FE-34-F2-71-4A,1AFE34F2714A,18-FE-34-F2-71-4A,18FE34F2714A
1A-FE-34-F2-71-4A,1AFE34F2714A,18-FE-34-F2-71-4A,18FE34F2714A
1A-FE-34-F2-71-4A,1AFE34F2714A,18-FE-34-F2-71-4A,18FE34F2714A
1A-FE-34-F2-71-4A,1AFE34F2714A,18-FE-34-F2-71-4A,18FE34F2714A
1A-FE-34-F2-71-4A,1AFE34F2714A,18-FE-34-F2-71-4A,18FE34F2714A
1A-FE-34-F2-71-4A,1AFE34F2714A,18-FE-34-F2-71-4A,18FE34F2714A
1A-FE-34-F2-71-4A,1AFE34F2714A,18-FE-34-F2-71-4A,18FE34F2714A
1A-FE-34-F2-71-4A,1AFE34F2714A,18-FE-34-F2-71-4A,18FE34F2714A
1A-FE-34-F2-71-4A,1AFE34F2714A,18-FE-34-F2-71-4A,18FE34F2714A
1A-FE-34-F2-71-4A,1AFE34F2714A,18-FE-34-F2-71-4A,18FE34F2714A
1A-FE-34-F2-71-4A,1AFE34F2714A,18-FE-34-F2-71-4A,18FE34F2714A
1A-FE-34-F2-71-4A,1AFE34F2714A,18-FE-34-F2-71-4A,18FE34F2714A
1A-FE-34-F2-71-4A,1AFE34F2714A,18-FE-34-F2-71-4A,18FE34F2714A
1A-FE-34-F2-71-4A,1AFE34F2714A,18-FE-34-F2-71-4A,18FE34F2714A
1A-FE-34-F2-71-4A,1AFE34F2714A,18-FE-34-F2-71-4A,18FE34F2714A
1A-FE-34-F2-71-4A,1AFE34F2714A,18-FE-34-F2-71-4A,18FE34F2714A
1A-FE-34-F2-71-4A,1AFE34F2714A,18-FE-34-F2-71-4A,18FE34F2714A
1A-FE-34-F2-71-4A,1AFE34F2714A,18-FE-34-F2-71-4A,18FE34F2714A
1A-FE-34-F2-71-4A,1AFE34F2714A,18-FE-34-F2-71-4A,18FE34F2714A
1A-FE-34-F2-71-4A,1AFE34F2714A,18-FE-34-F2-71-4A,18FE34F2714A
1A-FE-34-F2-71-4A,1AFE34F2714A,18-FE-34-F2-71-4A,18FE34F2714A
1A-FE-34-F2-71-4A,1AFE34F2714A,18-FE-34-F2-71-4A,18FE34F2714A
1A-FE-34-F2-71-4A,1AFE34F2714A,18-FE-34-F2-71-4A,18FE34F2714A
1A-FE-34-F2-71-4A,1AFE34F2714A,18-FE-34-F2-71-4A,18FE34F2714A
1A-FE-34-F2-71-4A,1AFE34F2714A,18-FE-34-F2-71-4A,18FE34F2714A
1A-FE-34-F2-71-4A,1AFE34F2714A,18-FE-34-F2-71-4A,18FE34F2714A
1A-FE-34-F2-71-4A,1AFE34F2714A,18-FE-34-F2-71-4A,18FE34F2714A
1A-FE-34-F2-71-4A,1AFE34F2714A,18-FE-34-F2-71-4A,18FE34F2714A
1A-FE-34-F2-71-4A,1AFE34F2714A,18-FE-34-F2-71-4A,18FE34F2714A
1A-FE-34-F2-71-4A,1AFE34F2714A,18-FE-34-F2-71-4A,18FE34F2714A
1A-FE-34-F2-71-4A,1AFE34F2714A,18-FE-34-F2-71-4A,18FE34F2714A
1A-FE-34-F2-71-4A,1AFE34F2714A,18-FE-34-F2-71-4A,18FE34F2714A
1A-FE-34-F2-71-4A,1AFE34F2714A,18-FE-34-F2-71-4A,18FE34F2714A
1A-FE-34-F2-71-4A,1AFE34F2714A,18-FE-34-F2-71-4A,18FE34F2714A
1A-FE-34-F2-71-4A,1AFE34F2714A,18-FE-34-F2-71-4A,18FE34F2714A
1A-FE-34-F2-71-4A,1AFE34F2714A,18-FE-34-F2-71-4A,18FE34F2714A
1A-FE-34-F2-71-4A,1AFE34F2714A,18-FE-34-F2-71-4A,18FE34F2714A
1A-FE-34-F2-71-4A,1AFE34F2714A,18-FE-34-F2-71-4A,18FE34F2714A
1A-FE-34-F2-71-4A,1AFE34F2714A,18-FE-34-F2-71-4A,18FE34F2714A
1A-FE-34-F2-71-4A,1AFE34F2714A,18-FE-34-F2-71-4A,18FE34F2714A
1A-FE-34-F2-71-4A,1AFE34F2714A,18-FE-34-F2-71-4A,18FE34F2714A
1A-FE-34-F2-71-4A,1AFE34F2714A,18-FE-34-F2-71-4A,18FE34F2714A
1A-FE-34-F2-71-4A,1AFE34F2714A,18-FE-34-F2-71-4A,18FE34F2714A
1A-FE-34-F2-71-4A,1AFE34F2714A,18-FE-34-F2-71-4A,18FE34F2714A
1A-FE-34-F2-71-4A,1AFE34F2714A,18-FE-34-F2-71-4A,18FE34F2714A
1A-FE-34-F2-71-4A,1AFE34F2714A,18-FE-34-F2-71-4A,18FE34F2714A
1A-FE-34-F2-71-4A,1AFE34F2714A,18-FE-34-F2-71-4A,18FE34F2714A
1A-FE-34-F2-71-4A,1AFE34F2714A,18-FE-34-F2-71-4A,18FE34F2714A
1A-FE-34-F2-71-4A,1AFE34F2714A,18-FE-34-F2-71-4A,18FE34F2714A
1A-FE-34-0E-CE-BF,1AFE340ECEBF,18-FE-34-0E-CE-BF,18FE340ECEBF
1A-FE-34-0E-CE-BF,1AFE340ECEBF,18-FE-34-0E-CE-BF,18FE340ECEBF
1A-FE-34-0E-CE-BF,1AFE340ECEBF,18-FE-34-0E-CE-BF,18FE340ECEBF
1A-FE-34-0E-CE-BF,1AFE340ECEBF,18-FE-34-0E-CE-BF,18FE340ECEBF
1A-FE-34-0E-CE-BF,1AFE340ECEBF,18-FE-34-0E-CE-BF,18FE340ECEBF
1A-FE-34-0E-CE-BF,1AFE340ECEBF,18-FE-34-0E-CE-BF,18FE340ECEBF
1A-FE-34-0E-CE-BF,1AFE340ECEBF,18-FE-34-0E-CE-BF,18FE340ECEBF
1A-FE-34-0E-CE-BF,1AFE340ECEBF,18-FE-34-0E-CE-BF,18FE340ECEBF
1A-FE-34-0E-CE-BF,1AFE340ECEBF,18-FE-34-0E-CE-BF,18FE340ECEBF
1A-FE-34-0E-CE-BF,1AFE340ECEBF,18-FE-34-0E-CE-BF,18FE340ECEBF
1A-FE-34-0E-CE-BF,1AFE340ECEBF,18-FE-34-0E-CE-BF,18FE340ECEBF
1A-FE-34-0E-CE-BF,1AFE340ECEBF,18-FE-34-0E-CE-BF,18FE340ECEBF
1A-FE-34-0E-CE-BF,1AFE340ECEBF,18-FE-34-0E-CE-BF,18FE340ECEBF
1A-FE-34-0E-CE-BF,1AFE340ECEBF,18-FE-34-0E-CE-BF,18FE340ECEBF
1A-FE-34-0E-CE-BF,1AFE340ECEBF,18-FE-34-0E-CE-BF,18FE340ECEBF
1A-FE-34-0E-CE-BF,1AFE340ECEBF,18-FE-34-0E-CE-BF,18FE340ECEBF
1A-FE-34-0E-CE-BF,1AFE340ECEBF,18-FE-34-0E-CE-BF,18FE340ECEBF
1A-FE-34-0E-CE-BF,1AFE340ECEBF,18-FE-34-0E-CE-BF,18FE340ECEBF
1A-FE-34-0E-CE-BF,1AFE340ECEBF,18-FE-34-0E-CE-BF,18FE340ECEBF
1A-FE-34-0E-CE-BF,1AFE340ECEBF,18-FE-34-0E-CE-BF,18FE340ECEBF
1A-FE-34-0E-CE-BF,1AFE340ECEBF,18-FE-34-0E-CE-BF,18FE340ECEBF
1A-FE-34-0E-CE-BF,1AFE340ECEBF,18-FE-34-0E-CE-BF,18FE340ECEBF
1A-FE-34-0E-CE-BF,1AFE340ECEBF,18-FE-34-0E-CE-BF,18FE340ECEBF
1A-FE-34-0E-CE-BF,1AFE340ECEBF,18-FE-34-0E-CE-BF,18FE340ECEBF
1A-FE-34-0E-CE-BF,1AFE340ECEBF,18-FE-34-0E-CE-BF,18FE340ECEBF
1A-FE-34-0E-CE-BF,1AFE340ECEBF,18-FE-34-0E-CE-BF,18FE340ECEBF
1A-FE-34-0E-CE-BF,1AFE340ECEBF,18-FE-34-0E-CE-BF,18FE340ECEBF
1A-FE-34-0E-CE-BF,1AFE340ECEBF,18-FE-34-0E-CE-BF,18FE340ECEBF
1A-FE-34-0E-CE-BF,1AFE340ECEBF,18-FE-34-0E-CE-BF,18FE340ECEBF
1A-FE-34-0E-CE-BF,1AFE340ECEBF,18-FE-34-0E-CE-BF,18FE340ECEBF
1A-FE-34-0E-CE-BF,1AFE340ECEBF,18-FE-34-0E-CE-BF,18FE340ECEBF
1A-FE-34-0E-CE-BF,1AFE340ECEBF,18-FE-34-0E-CE-BF,18FE340ECEBF
1A-FE-34-0E-CE-BF,1AFE340ECEBF,18-FE-34-0E-CE-BF,18FE340ECEBF
1A-FE-34-0E-CE-BF,1AFE340ECEBF,18-FE-34-0E-CE-BF,18FE340ECEBF
1A-FE-34-0E-CE-BF,1AFE340ECEBF,18-FE-34-0E-CE-BF,18FE340ECEBF
1A-FE-34-0E-CE-BF,1AFE340ECEBF,18-FE-34-0E-CE-BF,18FE340ECEBF
1A-FE-34-0E-CE-BF,1AFE340ECEBF,18-FE-34-0E-CE-BF,18FE340ECEBF
1A-FE-34-0E-CE-BF,1AFE340ECEBF,18-FE-34-0E-CE-BF,18FE340ECEBF
1A-FE-34-0E-CE-BF,1AFE340ECEBF,18-FE-34-0E-CE-BF,18FE340ECEBF
1A-FE-34-0E-CE-BF,1AFE340ECEBF,18-FE-34-0E-CE-BF,18FE340ECEBF
1A-FE-34-0E-CE-BF,1AFE340ECEBF,18-FE-34-0E-CE-BF,18FE340ECEBF
1A-FE-34-0E-CE-BF,1AFE340ECEBF,18-FE-34-0E-CE-BF,18FE340ECEBF
1A-FE-34-0E-CE-BF,1AFE340ECEBF,18-FE-34-0E-CE-BF,18FE340ECEBF
1A-FE-34-0E-CE-BF,1AFE340ECEBF,18-FE-34-0E-CE-BF,18FE340ECEBF
1A-FE-34-0E-CE-BF,1AFE340ECEBF,18-FE-34-0E-CE-BF,18FE340ECEBF
1A-FE-34-0E-CE-BF,1AFE340ECEBF,18-FE-34-0E-CE-BF,18FE340ECEBF
1A-FE-34-0E-CE-BF,1AFE340ECEBF,18-FE-34-0E-CE-BF,18FE340ECEBF
1A-FE-34-0E-CE-BF,1AFE340ECEBF,18-FE-34-0E-CE-BF,18FE340ECEBF
1A-FE-34-0E-CE-BF,1AFE340ECEBF,18-FE-34-0E-CE-BF,18FE340ECEBF
1A-FE-34-0E-CE-BF,1AFE340ECEBF,18-FE-34-0E-CE-BF,18FE340ECEBF
1A-FE-34-0E-CE-BF,1AFE340ECEBF,18-FE-34-0E-CE-BF,18FE340ECEBF
1A-FE-34-0E-CE-BF,1AFE340ECEBF,18-FE-34-0E-CE-BF,18FE340ECEBF
1A-FE-34-0E-CE-BF,1AFE340ECEBF,18-FE-34-0E-CE-BF,18FE340ECEBF
1A-FE-34-0E-CE-BF,1AFE340ECEBF,18-FE-34-0E-CE-BF,18FE340ECEBF
1A-FE-34-0E-CE-BF,1AFE340ECEBF,18-FE-34-0E-CE-BF,18FE340ECEBF
1A-FE-34-0E-CE-BF,1AFE340ECEBF,18-FE-34-0E-CE-BF,18FE340ECEBF
1A-FE-34-0E-CE-BF,1AFE340ECEBF,18-FE-34-0E-CE-BF,18FE340ECEBF
1A-FE-34-0E-CE-BF,1AFE340ECEBF,18-FE-34-0E-CE-BF,18FE340ECEBF
1A-FE-34-0E-CE-BF,1AFE340ECEBF,18-FE-34-0E-CE-BF,18FE340ECEBF
1A-FE-34-0E-CE-BF,1AFE340ECEBF,18-FE-34-0E-CE-BF,18FE340ECEBF
1A-FE-34-0E-CE-BF,1AFE340ECEBF,18-FE-34-0E-CE-BF,18FE340ECEBF
1A-FE-34-0E-CE-BF,1AFE340ECEBF,18-FE-34-0E-CE-BF,18FE340ECEBF
1A-FE-34-0E-CE-BF,1AFE340ECEBF,18-FE-34-0E-CE-BF,18FE340ECEBF
1A-FE-34-0E-CE-BF,1AFE340ECEBF,18-FE-34-0E-CE-BF,18FE340ECEBF
1A-FE-34-0E-CE-BF,1AFE340ECEBF,18-FE-34-0E-CE-BF,18FE340ECEBF
1A-FE-34-0E-CE-BF,1AFE340ECEBF,18-FE-34-0E-CE-BF,18FE340ECEBF
1A-FE-34-0E-CE-BF,1AFE340ECEBF,18-FE-34-0E-CE-BF,18FE340ECEBF
1A-FE-34-0E-CE-BF,1AFE340ECEBF,18-FE-34-0E-CE-BF,18FE340ECEBF
1A-FE-34-0E-CE-BF,1AFE340ECEBF,18-FE-34-0E-CE-BF,18FE340ECEBF
1A-FE-34-0E-CE-BF,1AFE340ECEBF,18-FE-34-0E-CE-BF,18FE340ECEBF
1A-FE-34-0E-CE-BF,1AFE340ECEBF,18-FE-34-0E-CE-BF,18FE340ECEBF
1A-FE-34-0E-CE-BF,1AFE340ECEBF,18-FE-34-0E-CE-BF,18FE340ECEBF
1A-FE-34-0E-CE-BF,1AFE340ECEBF,18-FE-34-0E-CE-BF,18FE340ECEBF
1A-FE-34-0E-CE-BF,1AFE340ECEBF,18-FE-34-0E-CE-BF,18FE340ECEBF
1A-FE-34-0E-CE-BF,1AFE340ECEBF,18-FE-34-0E-CE-BF,18FE340ECEBF
1A-FE-34-0E-CE-BF,1AFE340ECEBF,18-FE-34-0E-CE-BF,18FE340ECEBF
1A-FE-34-0E-CE-BF,1AFE340ECEBF,18-FE-34-0E-CE-BF,18FE340ECEBF
1A-FE-34-0E-CE-BF,1AFE340ECEBF,18-FE-34-0E-CE-BF,18FE340ECEBF
1A-FE-34-0E-CE-BF,1AFE340ECEBF,18-FE-34-0E-CE-BF,18FE340ECEBF
1A-FE-34-0E-CE-BF,1AFE340ECEBF,18-FE-34-0E-CE-BF,18FE340ECEBF
1A-FE-34-0E-CE-BF,1AFE340ECEBF,18-FE-34-0E-CE-BF,18FE340ECEBF
1A-FE-34-0E-CE-BF,1AFE340ECEBF,18-FE-34-0E-CE-BF,18FE340ECEBF
1A-FE-34-0E-CE-BF,1AFE340ECEBF,18-FE-34-0E-CE-BF,18FE340ECEBF
1A-FE-34-0E-CE-BF,1AFE340ECEBF,18-FE-34-0E-CE-BF,18FE340ECEBF
1A-FE-34-0E-CE-BF,1AFE340ECEBF,18-FE-34-0E-CE-BF,18FE340ECEBF
1A-FE-34-0E-CE-BF,1AFE340ECEBF,18-FE-34-0E-CE-BF,18FE340ECEBF
1A-FE-34-0E-CE-BF,1AFE340ECEBF,18-FE-34-0E-CE-BF,18FE340ECEBF
1A-FE-34-0E-CE-BF,1AFE340ECEBF,18-FE-34-0E-CE-BF,18FE340ECEBF
1A-FE-34-0E-CE-BF,1AFE340ECEBF,18-FE-34-0E-CE-BF,18FE340ECEBF
1A-FE-34-0E-CE-BF,1AFE340ECEBF,18-FE-34-0E-CE-BF,18FE340ECEBF
1A-FE-34-0E-CE-BF,1AFE340ECEBF,18-FE-34-0E-CE-BF,18FE340ECEBF
1A-FE-34-0E-CE-BF,1AFE340ECEBF,18-FE-34-0E-CE-BF,18FE340ECEBF
1A-FE-34-0E-CE-BF,1AFE340ECEBF,18-FE-34-0E-CE-BF,18FE340ECEBF
1A-FE-34-0E-CE-BF,1AFE340ECEBF,18-FE-34-0E-CE-BF,18FE340ECEBF
1A-FE-34-0E-CE-BF,1AFE340ECEBF,18-FE-34-0E-CE-BF,18FE340ECEBF
1A-FE-34-0E-CE-BF,1AFE340ECEBF,18-FE-34-0E-CE-BF,18FE340ECEBF
1A-FE-34-0E-CE-BF,1AFE340ECEBF,18-FE-34-0E-CE-BF,18FE340ECEBF
1A-FE-34-0E-CE-BF,1AFE340ECEBF,18-FE-34-0E-CE-BF,18FE340ECEBF
1A-FE-34-0E-CE-BF,1AFE340ECEBF,18-FE-34-0E-CE-BF,18FE340ECEBF
1A-FE-34-0E-CE-BF,1AFE340ECEBF,18-FE-34-0E-CE-BF,18FE340ECEBF
1A-FE-34-0E-CE-BF,1AFE340ECEBF,18-FE-34-0E-CE-BF,18FE340ECEBF
1A-FE-34-0E-CE-BF,1AFE340ECEBF,18-FE-34-0E-CE-BF,18FE340ECEBF
1A-FE-34-0E-CE-BF,1AFE340ECEBF,18-FE-34-0E-CE-BF,18FE340ECEBF
1A-FE-34-0E-CE-BF,1AFE340ECEBF,18-FE-34-0E-CE-BF,18FE340ECEBF
1A-FE-34-0E-CE-BF,1AFE340ECEBF,18-FE-34-0E-CE-BF,18FE340ECEBF
1A-FE-34-0E-CE-BF,1AFE340ECEBF,18-FE-34-0E-CE-BF,18FE340ECEBF
1A-FE-34-0E-CE-BF,1AFE340ECEBF,18-FE-34-0E-CE-BF,18FE340ECEBF
1A-FE-34-0E-CE-BF,1AFE340ECEBF,18-FE-34-0E-CE-BF,18FE340ECEBF
1A-FE-34-0E-CE-BF,1AFE340ECEBF,18-FE-34-0E-CE-BF,18FE340ECEBF
1A-FE-34-0E-CE-BF,1AFE340ECEBF,18-FE-34-0E-CE-BF,18FE340ECEBF
1A-FE-34-0E-CE-BF,1AFE340ECEBF,18-FE-34-0E-CE-BF,18FE340ECEBF
1A-FE-34-0E-CE-BF,1AFE340ECEBF,18-FE-34-0E-CE-BF,18FE340ECEBF
1A-FE-34-0E-CE-BF,1AFE340ECEBF,18-FE-34-0E-CE-BF,18FE340ECEBF
1A-FE-34-0E-CE-BF,1AFE340ECEBF,18-FE-34-0E-CE-BF,18FE340ECEBF
1A-FE-34-0E-CE-BF,1AFE340ECEBF,18-FE-34-0E-CE-BF,18FE340ECEBF
1A-FE-34-0E-CE-BF,1AFE340ECEBF,18-FE-34-0E-CE-BF,18FE340ECEBF
1A-FE-34-0E-D0-26,1AFE340ED026,18-FE-34-0E-D0-26,18FE340ED026
1A-FE-34-0E-D5-32,1AFE340ED532,18-FE-34-0E-D5-32,18FE340ED532
1A-FE-34-0E-D4-1F,1AFE340ED41F,18-FE-34-0E-D4-1F,18FE340ED41F
1A-FE-34-0E-D4-1F,1AFE340ED41F,18-FE-34-0E-D4-1F,18FE340ED41F
1A-FE-34-0E-D4-21,1AFE340ED421,18-FE-34-0E-D4-21,18FE340ED421
1A-FE-34-0E-D4-1F,1AFE340ED41F,18-FE-34-0E-D4-1F,18FE340ED41F
1A-FE-34-0E-D0-26,1AFE340ED026,18-FE-34-0E-D0-26,18FE340ED026
1A-FE-34-0E-D0-26,1AFE340ED026,18-FE-34-0E-D0-26,18FE340ED026
1A-FE-34-0E-D5-32,1AFE340ED532,18-FE-34-0E-D5-32,18FE340ED532
